[{"model": "admin.logentry", "pk": 1, "fields": {"action_time": "2023-05-15T01:42:37.819", "user": 1, "content_type": 6, "object_id": "1", "object_repr": "Shirts", "action_flag": 1, "change_message": "[{\"added\": {}}]"}}, {"model": "admin.logentry", "pk": 2, "fields": {"action_time": "2023-05-15T01:42:52.737", "user": 1, "content_type": 6, "object_id": "2", "object_repr": "Jackets", "action_flag": 1, "change_message": "[{\"added\": {}}]"}}, {"model": "admin.logentry", "pk": 3, "fields": {"action_time": "2023-05-15T01:43:10.468", "user": 1, "content_type": 6, "object_id": "3", "object_repr": "Shoes", "action_flag": 1, "change_message": "[{\"added\": {}}]"}}, {"model": "admin.logentry", "pk": 4, "fields": {"action_time": "2023-05-15T01:43:21.897", "user": 1, "content_type": 6, "object_id": "4", "object_repr": "T Shirts", "action_flag": 1, "change_message": "[{\"added\": {}}]"}}, {"model": "admin.logentry", "pk": 5, "fields": {"action_time": "2023-05-15T01:43:37.676", "user": 1, "content_type": 6, "object_id": "5", "object_repr": "Jeans", "action_flag": 1, "change_message": "[{\"added\": {}}]"}}, {"model": "admin.logentry", "pk": 6, "fields": {"action_time": "2023-05-15T01:44:11.371", "user": 1, "content_type": 6, "object_id": "5", "object_repr": "Jeans", "action_flag": 3, "change_message": ""}}, {"model": "admin.logentry", "pk": 7, "fields": {"action_time": "2023-05-15T01:44:20.348", "user": 1, "content_type": 6, "object_id": "6", "object_repr": "Pants", "action_flag": 1, "change_message": "[{\"added\": {}}]"}}, {"model": "admin.logentry", "pk": 8, "fields": {"action_time": "2023-05-15T02:49:49.481", "user": 1, "content_type": 8, "object_id": "1", "object_repr": "청바지", "action_flag": 1, "change_message": "[{\"added\": {}}]"}}, {"model": "admin.logentry", "pk": 9, "fields": {"action_time": "2023-05-15T02:51:12.043", "user": 1, "content_type": 8, "object_id": "2", "object_repr": "티셔츠", "action_flag": 1, "change_message": "[{\"added\": {}}]"}}, {"model": "admin.logentry", "pk": 10, "fields": {"action_time": "2023-05-15T02:51:32.430", "user": 1, "content_type": 8, "object_id": "3", "object_repr": "신발", "action_flag": 1, "change_message": "[{\"added\": {}}]"}}, {"model": "admin.logentry", "pk": 11, "fields": {"action_time": "2023-05-15T02:51:53.750", "user": 1, "content_type": 8, "object_id": "4", "object_repr": "황토자켓", "action_flag": 1, "change_message": "[{\"added\": {}}]"}}, {"model": "admin.logentry", "pk": 12, "fields": {"action_time": "2023-05-15T17:57:14.358", "user": 1, "content_type": 6, "object_id": "7", "object_repr": "김치", "action_flag": 1, "change_message": "[{\"added\": {}}]"}}, {"model": "admin.logentry", "pk": 13, "fields": {"action_time": "2023-05-15T17:57:47.086", "user": 1, "content_type": 6, "object_id": "7", "object_repr": "김치", "action_flag": 3, "change_message": ""}}, {"model": "admin.logentry", "pk": 14, "fields": {"action_time": "2023-05-15T17:58:40.064", "user": 1, "content_type": 6, "object_id": "8", "object_repr": "김치", "action_flag": 1, "change_message": "[{\"added\": {}}]"}}, {"model": "admin.logentry", "pk": 15, "fields": {"action_time": "2023-05-15T17:59:02.549", "user": 1, "content_type": 6, "object_id": "8", "object_repr": "김치", "action_flag": 3, "change_message": ""}}, {"model": "admin.logentry", "pk": 16, "fields": {"action_time": "2023-05-15T20:05:22.196", "user": 1, "content_type": 8, "object_id": "5", "object_repr": "jeans", "action_flag": 1, "change_message": "[{\"added\": {}}]"}}, {"model": "admin.logentry", "pk": 17, "fields": {"action_time": "2023-05-15T21:42:03.449", "user": 1, "content_type": 8, "object_id": "2", "object_repr": "티셔츠", "action_flag": 2, "change_message": "[{\"changed\": {\"fields\": [\"Stock\"]}}]"}}, {"model": "admin.logentry", "pk": 18, "fields": {"action_time": "2023-05-18T16:12:55.886", "user": 1, "content_type": 11, "object_id": "1", "object_repr": "청바지", "action_flag": 1, "change_message": "[{\"added\": {}}]"}}, {"model": "admin.logentry", "pk": 19, "fields": {"action_time": "2023-05-18T16:27:09.958", "user": 1, "content_type": 11, "object_id": "2", "object_repr": "청바지", "action_flag": 1, "change_message": "[{\"added\": {}}]"}}, {"model": "admin.logentry", "pk": 20, "fields": {"action_time": "2023-05-18T16:27:19.766", "user": 1, "content_type": 11, "object_id": "3", "object_repr": "청바지", "action_flag": 1, "change_message": "[{\"added\": {}}]"}}, {"model": "admin.logentry", "pk": 21, "fields": {"action_time": "2023-05-20T00:40:34.861", "user": 1, "content_type": 10, "object_id": "10", "object_repr": "CartItem object (10)", "action_flag": 3, "change_message": ""}}, {"model": "admin.logentry", "pk": 22, "fields": {"action_time": "2023-05-20T01:12:30.321", "user": 1, "content_type": 10, "object_id": "14", "object_repr": "CartItem object (14)", "action_flag": 3, "change_message": ""}}, {"model": "admin.logentry", "pk": 23, "fields": {"action_time": "2023-05-20T02:03:46.090", "user": 1, "content_type": 10, "object_id": "28", "object_repr": "CartItem object (28)", "action_flag": 3, "change_message": ""}}, {"model": "admin.logentry", "pk": 24, "fields": {"action_time": "2023-05-20T02:03:46.096", "user": 1, "content_type": 10, "object_id": "27", "object_repr": "CartItem object (27)", "action_flag": 3, "change_message": ""}}, {"model": "admin.logentry", "pk": 25, "fields": {"action_time": "2023-05-20T02:03:46.103", "user": 1, "content_type": 10, "object_id": "26", "object_repr": "CartItem object (26)", "action_flag": 3, "change_message": ""}}, {"model": "admin.logentry", "pk": 26, "fields": {"action_time": "2023-05-20T02:03:46.110", "user": 1, "content_type": 10, "object_id": "25", "object_repr": "CartItem object (25)", "action_flag": 3, "change_message": ""}}, {"model": "admin.logentry", "pk": 27, "fields": {"action_time": "2023-05-20T02:03:46.117", "user": 1, "content_type": 10, "object_id": "24", "object_repr": "CartItem object (24)", "action_flag": 3, "change_message": ""}}, {"model": "admin.logentry", "pk": 28, "fields": {"action_time": "2023-05-20T02:03:46.124", "user": 1, "content_type": 10, "object_id": "23", "object_repr": "CartItem object (23)", "action_flag": 3, "change_message": ""}}, {"model": "admin.logentry", "pk": 29, "fields": {"action_time": "2023-05-20T02:03:46.133", "user": 1, "content_type": 10, "object_id": "22", "object_repr": "CartItem object (22)", "action_flag": 3, "change_message": ""}}, {"model": "admin.logentry", "pk": 30, "fields": {"action_time": "2023-05-20T02:03:46.139", "user": 1, "content_type": 10, "object_id": "21", "object_repr": "CartItem object (21)", "action_flag": 3, "change_message": ""}}, {"model": "admin.logentry", "pk": 31, "fields": {"action_time": "2023-05-20T02:03:46.145", "user": 1, "content_type": 10, "object_id": "20", "object_repr": "CartItem object (20)", "action_flag": 3, "change_message": ""}}, {"model": "admin.logentry", "pk": 32, "fields": {"action_time": "2023-05-20T02:03:46.152", "user": 1, "content_type": 10, "object_id": "19", "object_repr": "CartItem object (19)", "action_flag": 3, "change_message": ""}}, {"model": "admin.logentry", "pk": 33, "fields": {"action_time": "2023-05-20T02:05:07.126", "user": 1, "content_type": 10, "object_id": "32", "object_repr": "CartItem object (32)", "action_flag": 3, "change_message": ""}}, {"model": "admin.logentry", "pk": 34, "fields": {"action_time": "2023-05-20T02:05:07.132", "user": 1, "content_type": 10, "object_id": "31", "object_repr": "CartItem object (31)", "action_flag": 3, "change_message": ""}}, {"model": "admin.logentry", "pk": 35, "fields": {"action_time": "2023-05-20T02:05:07.140", "user": 1, "content_type": 10, "object_id": "30", "object_repr": "CartItem object (30)", "action_flag": 3, "change_message": ""}}, {"model": "admin.logentry", "pk": 36, "fields": {"action_time": "2023-05-20T02:05:16.095", "user": 1, "content_type": 11, "object_id": "3", "object_repr": "L", "action_flag": 3, "change_message": ""}}, {"model": "admin.logentry", "pk": 37, "fields": {"action_time": "2023-05-20T02:05:16.101", "user": 1, "content_type": 11, "object_id": "2", "object_repr": "블루", "action_flag": 3, "change_message": ""}}, {"model": "admin.logentry", "pk": 38, "fields": {"action_time": "2023-05-20T02:05:16.108", "user": 1, "content_type": 11, "object_id": "1", "object_repr": "M", "action_flag": 3, "change_message": ""}}, {"model": "admin.logentry", "pk": 39, "fields": {"action_time": "2023-05-20T02:05:32.307", "user": 1, "content_type": 11, "object_id": "4", "object_repr": "검정", "action_flag": 1, "change_message": "[{\"added\": {}}]"}}, {"model": "admin.logentry", "pk": 40, "fields": {"action_time": "2023-05-20T02:05:42.091", "user": 1, "content_type": 11, "object_id": "4", "object_repr": "검정", "action_flag": 3, "change_message": ""}}, {"model": "admin.logentry", "pk": 41, "fields": {"action_time": "2023-05-20T02:05:57.827", "user": 1, "content_type": 11, "object_id": "5", "object_repr": "블루", "action_flag": 1, "change_message": "[{\"added\": {}}]"}}, {"model": "admin.logentry", "pk": 42, "fields": {"action_time": "2023-05-20T02:06:06.430", "user": 1, "content_type": 11, "object_id": "6", "object_repr": "M", "action_flag": 1, "change_message": "[{\"added\": {}}]"}}, {"model": "admin.logentry", "pk": 43, "fields": {"action_time": "2023-05-20T02:06:13.670", "user": 1, "content_type": 11, "object_id": "7", "object_repr": "L", "action_flag": 1, "change_message": "[{\"added\": {}}]"}}, {"model": "admin.logentry", "pk": 44, "fields": {"action_time": "2023-05-20T02:06:19.431", "user": 1, "content_type": 11, "object_id": "8", "object_repr": "S", "action_flag": 1, "change_message": "[{\"added\": {}}]"}}, {"model": "admin.logentry", "pk": 45, "fields": {"action_time": "2023-05-21T02:17:09.751", "user": 1, "content_type": 10, "object_id": "45", "object_repr": "CartItem object (45)", "action_flag": 2, "change_message": "[{\"changed\": {\"fields\": [\"Variations\"]}}]"}}, {"model": "admin.logentry", "pk": 46, "fields": {"action_time": "2023-05-21T02:17:26.329", "user": 1, "content_type": 10, "object_id": "45", "object_repr": "CartItem object (45)", "action_flag": 2, "change_message": "[{\"changed\": {\"fields\": [\"Variations\"]}}]"}}, {"model": "admin.logentry", "pk": 47, "fields": {"action_time": "2023-05-23T02:12:33.110", "user": 1, "content_type": 7, "object_id": "2", "object_repr": "asldkja@naver.com", "action_flag": 3, "change_message": ""}}, {"model": "admin.logentry", "pk": 48, "fields": {"action_time": "2023-05-24T06:29:02.348", "user": 1, "content_type": 7, "object_id": "4", "object_repr": "qweq@ads.com", "action_flag": 3, "change_message": ""}}, {"model": "admin.logentry", "pk": 49, "fields": {"action_time": "2023-05-24T06:29:02.357", "user": 1, "content_type": 7, "object_id": "3", "object_repr": "asdasd@adsd.com", "action_flag": 3, "change_message": ""}}, {"model": "admin.logentry", "pk": 50, "fields": {"action_time": "2023-05-24T06:29:02.365", "user": 1, "content_type": 7, "object_id": "2", "object_repr": "qweqwe@naver.com", "action_flag": 3, "change_message": ""}}, {"model": "admin.logentry", "pk": 51, "fields": {"action_time": "2023-05-24T06:49:03.212", "user": 1, "content_type": 7, "object_id": "5", "object_repr": "bobonic2@naver.com", "action_flag": 3, "change_message": ""}}, {"model": "admin.logentry", "pk": 52, "fields": {"action_time": "2023-05-24T06:50:52.731", "user": 1, "content_type": 7, "object_id": "6", "object_repr": "bobonic2@naver.com", "action_flag": 3, "change_message": ""}}, {"model": "admin.logentry", "pk": 53, "fields": {"action_time": "2023-05-26T00:32:25.181", "user": 1, "content_type": 10, "object_id": "55", "object_repr": "CartItem object (55)", "action_flag": 3, "change_message": ""}}, {"model": "admin.logentry", "pk": 54, "fields": {"action_time": "2023-05-26T00:32:25.191", "user": 1, "content_type": 10, "object_id": "54", "object_repr": "CartItem object (54)", "action_flag": 3, "change_message": ""}}, {"model": "admin.logentry", "pk": 55, "fields": {"action_time": "2023-05-26T00:32:25.201", "user": 1, "content_type": 10, "object_id": "52", "object_repr": "CartItem object (52)", "action_flag": 3, "change_message": ""}}, {"model": "admin.logentry", "pk": 56, "fields": {"action_time": "2023-05-26T00:32:25.211", "user": 1, "content_type": 10, "object_id": "38", "object_repr": "CartItem object (38)", "action_flag": 3, "change_message": ""}}, {"model": "admin.logentry", "pk": 57, "fields": {"action_time": "2023-05-26T00:32:25.221", "user": 1, "content_type": 10, "object_id": "37", "object_repr": "CartItem object (37)", "action_flag": 3, "change_message": ""}}, {"model": "admin.logentry", "pk": 58, "fields": {"action_time": "2023-05-26T00:32:25.231", "user": 1, "content_type": 10, "object_id": "36", "object_repr": "CartItem object (36)", "action_flag": 3, "change_message": ""}}, {"model": "admin.logentry", "pk": 59, "fields": {"action_time": "2023-05-26T00:32:32.845", "user": 1, "content_type": 9, "object_id": "8", "object_repr": "od5itmdeylaktabr3t2mrq1xmpuko935", "action_flag": 3, "change_message": ""}}, {"model": "admin.logentry", "pk": 60, "fields": {"action_time": "2023-05-26T00:32:32.855", "user": 1, "content_type": 9, "object_id": "7", "object_repr": "lydyeq8gsbrl1kmx75jxavszorypm3ms", "action_flag": 3, "change_message": ""}}, {"model": "admin.logentry", "pk": 61, "fields": {"action_time": "2023-05-26T00:32:32.865", "user": 1, "content_type": 9, "object_id": "6", "object_repr": "jdsrqcmo55yoni9m1kngknyb9sgdao68", "action_flag": 3, "change_message": ""}}, {"model": "admin.logentry", "pk": 62, "fields": {"action_time": "2023-05-26T00:32:32.875", "user": 1, "content_type": 9, "object_id": "5", "object_repr": "kdm2vynk1l0lm49z3yh7qthb5yjfh61f", "action_flag": 3, "change_message": ""}}, {"model": "admin.logentry", "pk": 63, "fields": {"action_time": "2023-05-26T00:32:32.885", "user": 1, "content_type": 9, "object_id": "4", "object_repr": "4uki64bn0t63l0a29rbctutbejoc7qi0", "action_flag": 3, "change_message": ""}}, {"model": "admin.logentry", "pk": 64, "fields": {"action_time": "2023-05-26T00:32:32.895", "user": 1, "content_type": 9, "object_id": "3", "object_repr": "i73bm0v7irp1jbjfc6wl8zpdmn7fm96k", "action_flag": 3, "change_message": ""}}, {"model": "admin.logentry", "pk": 65, "fields": {"action_time": "2023-05-26T00:32:32.904", "user": 1, "content_type": 9, "object_id": "2", "object_repr": "1zi6i9vdn4g4ybqnf218hcammn1r4wtz", "action_flag": 3, "change_message": ""}}, {"model": "admin.logentry", "pk": 66, "fields": {"action_time": "2023-05-26T00:32:32.913", "user": 1, "content_type": 9, "object_id": "1", "object_repr": "u4hw8mjjoemce1ddsw5btx91jkrs0ko2", "action_flag": 3, "change_message": ""}}, {"model": "admin.logentry", "pk": 67, "fields": {"action_time": "2023-05-26T00:48:07.013", "user": 1, "content_type": 10, "object_id": "60", "object_repr": "CartItem object (60)", "action_flag": 3, "change_message": ""}}, {"model": "admin.logentry", "pk": 68, "fields": {"action_time": "2023-05-26T00:48:07.022", "user": 1, "content_type": 10, "object_id": "59", "object_repr": "CartItem object (59)", "action_flag": 3, "change_message": ""}}, {"model": "admin.logentry", "pk": 69, "fields": {"action_time": "2023-05-26T00:48:07.033", "user": 1, "content_type": 10, "object_id": "58", "object_repr": "CartItem object (58)", "action_flag": 3, "change_message": ""}}, {"model": "admin.logentry", "pk": 70, "fields": {"action_time": "2023-05-26T00:48:07.043", "user": 1, "content_type": 10, "object_id": "57", "object_repr": "CartItem object (57)", "action_flag": 3, "change_message": ""}}, {"model": "admin.logentry", "pk": 71, "fields": {"action_time": "2023-05-26T00:48:07.053", "user": 1, "content_type": 10, "object_id": "56", "object_repr": "CartItem object (56)", "action_flag": 3, "change_message": ""}}, {"model": "admin.logentry", "pk": 72, "fields": {"action_time": "2023-05-26T00:48:13.192", "user": 1, "content_type": 9, "object_id": "11", "object_repr": "lyme4m7ao5a56bkvm48vvhly25d8ceq3", "action_flag": 3, "change_message": ""}}, {"model": "admin.logentry", "pk": 73, "fields": {"action_time": "2023-05-26T00:48:13.203", "user": 1, "content_type": 9, "object_id": "10", "object_repr": "t20xfpqzgxcnmjt63i30a5h8gkl3bjc6", "action_flag": 3, "change_message": ""}}, {"model": "admin.logentry", "pk": 74, "fields": {"action_time": "2023-05-26T00:48:13.212", "user": 1, "content_type": 9, "object_id": "9", "object_repr": "jrutiy39ei6b4aykj33epebjz361ary2", "action_flag": 3, "change_message": ""}}, {"model": "admin.logentry", "pk": 75, "fields": {"action_time": "2023-05-26T00:53:32.591", "user": 1, "content_type": 10, "object_id": "62", "object_repr": "CartItem object (62)", "action_flag": 3, "change_message": ""}}, {"model": "admin.logentry", "pk": 76, "fields": {"action_time": "2023-05-26T00:53:32.601", "user": 1, "content_type": 10, "object_id": "61", "object_repr": "CartItem object (61)", "action_flag": 3, "change_message": ""}}, {"model": "admin.logentry", "pk": 77, "fields": {"action_time": "2023-05-26T00:53:38.266", "user": 1, "content_type": 9, "object_id": "13", "object_repr": "y1itjfguuj444ff4dcxsc8ymtdp8fgqn", "action_flag": 3, "change_message": ""}}, {"model": "admin.logentry", "pk": 78, "fields": {"action_time": "2023-05-26T00:53:38.276", "user": 1, "content_type": 9, "object_id": "12", "object_repr": "6d0qk81l5yv790b9h8mhwl3oaft3prcs", "action_flag": 3, "change_message": ""}}, {"model": "admin.logentry", "pk": 79, "fields": {"action_time": "2023-05-26T01:47:02.189", "user": 1, "content_type": 10, "object_id": "65", "object_repr": "CartItem object (65)", "action_flag": 3, "change_message": ""}}, {"model": "admin.logentry", "pk": 80, "fields": {"action_time": "2023-05-26T01:47:02.200", "user": 1, "content_type": 10, "object_id": "64", "object_repr": "CartItem object (64)", "action_flag": 3, "change_message": ""}}, {"model": "admin.logentry", "pk": 81, "fields": {"action_time": "2023-05-26T01:47:02.210", "user": 1, "content_type": 10, "object_id": "63", "object_repr": "CartItem object (63)", "action_flag": 3, "change_message": ""}}, {"model": "admin.logentry", "pk": 82, "fields": {"action_time": "2023-05-26T01:47:07.362", "user": 1, "content_type": 9, "object_id": "16", "object_repr": "jvd57i52eqy53utnrlba73qv7xd3vjfa", "action_flag": 3, "change_message": ""}}, {"model": "admin.logentry", "pk": 83, "fields": {"action_time": "2023-05-26T01:47:07.372", "user": 1, "content_type": 9, "object_id": "15", "object_repr": "hkkj7va56b4lwlbdah2bxsn6y5qxt662", "action_flag": 3, "change_message": ""}}, {"model": "admin.logentry", "pk": 84, "fields": {"action_time": "2023-05-26T01:47:07.383", "user": 1, "content_type": 9, "object_id": "14", "object_repr": "2l1j02s3obcrf47m18b7n1g9yycflm1f", "action_flag": 3, "change_message": ""}}, {"model": "admin.logentry", "pk": 85, "fields": {"action_time": "2023-05-26T01:47:57.534", "user": 1, "content_type": 10, "object_id": "67", "object_repr": "CartItem object (67)", "action_flag": 3, "change_message": ""}}, {"model": "admin.logentry", "pk": 86, "fields": {"action_time": "2023-05-26T01:47:57.543", "user": 1, "content_type": 10, "object_id": "66", "object_repr": "CartItem object (66)", "action_flag": 3, "change_message": ""}}, {"model": "admin.logentry", "pk": 87, "fields": {"action_time": "2023-05-27T11:08:00.580", "user": 1, "content_type": 11, "object_id": "9", "object_repr": "황토색", "action_flag": 1, "change_message": "[{\"added\": {}}]"}}, {"model": "admin.logentry", "pk": 88, "fields": {"action_time": "2023-05-27T11:08:13.025", "user": 1, "content_type": 11, "object_id": "10", "object_repr": "S", "action_flag": 1, "change_message": "[{\"added\": {}}]"}}, {"model": "admin.logentry", "pk": 89, "fields": {"action_time": "2023-05-27T11:08:22.396", "user": 1, "content_type": 11, "object_id": "11", "object_repr": "M", "action_flag": 1, "change_message": "[{\"added\": {}}]"}}, {"model": "admin.logentry", "pk": 90, "fields": {"action_time": "2023-05-27T11:08:30.105", "user": 1, "content_type": 11, "object_id": "12", "object_repr": "L", "action_flag": 1, "change_message": "[{\"added\": {}}]"}}, {"model": "admin.logentry", "pk": 91, "fields": {"action_time": "2023-05-27T13:45:23.718", "user": 1, "content_type": 12, "object_id": "1", "object_repr": "2D367891A14987413", "action_flag": 3, "change_message": ""}}, {"model": "admin.logentry", "pk": 92, "fields": {"action_time": "2023-05-27T13:45:35.432", "user": 1, "content_type": 13, "object_id": "76", "object_repr": "asd", "action_flag": 3, "change_message": ""}}, {"model": "admin.logentry", "pk": 93, "fields": {"action_time": "2023-05-27T13:45:35.442", "user": 1, "content_type": 13, "object_id": "75", "object_repr": "dsf", "action_flag": 3, "change_message": ""}}, {"model": "admin.logentry", "pk": 94, "fields": {"action_time": "2023-05-27T13:45:35.452", "user": 1, "content_type": 13, "object_id": "74", "object_repr": "asd", "action_flag": 3, "change_message": ""}}, {"model": "admin.logentry", "pk": 95, "fields": {"action_time": "2023-05-27T13:45:35.462", "user": 1, "content_type": 13, "object_id": "73", "object_repr": "asdfa", "action_flag": 3, "change_message": ""}}, {"model": "admin.logentry", "pk": 96, "fields": {"action_time": "2023-05-27T13:45:35.473", "user": 1, "content_type": 13, "object_id": "72", "object_repr": "wefwe", "action_flag": 3, "change_message": ""}}, {"model": "admin.logentry", "pk": 97, "fields": {"action_time": "2023-05-27T13:45:35.483", "user": 1, "content_type": 13, "object_id": "71", "object_repr": "wefwe", "action_flag": 3, "change_message": ""}}, {"model": "admin.logentry", "pk": 98, "fields": {"action_time": "2023-05-27T13:45:35.493", "user": 1, "content_type": 13, "object_id": "70", "object_repr": "wefwe", "action_flag": 3, "change_message": ""}}, {"model": "admin.logentry", "pk": 99, "fields": {"action_time": "2023-05-27T13:45:35.501", "user": 1, "content_type": 13, "object_id": "69", "object_repr": "wefwe", "action_flag": 3, "change_message": ""}}, {"model": "admin.logentry", "pk": 100, "fields": {"action_time": "2023-05-27T13:45:35.512", "user": 1, "content_type": 13, "object_id": "68", "object_repr": "wefwe", "action_flag": 3, "change_message": ""}}, {"model": "admin.logentry", "pk": 101, "fields": {"action_time": "2023-05-27T13:45:35.520", "user": 1, "content_type": 13, "object_id": "67", "object_repr": "wefwe", "action_flag": 3, "change_message": ""}}, {"model": "admin.logentry", "pk": 102, "fields": {"action_time": "2023-05-27T13:45:35.528", "user": 1, "content_type": 13, "object_id": "66", "object_repr": "wefwe", "action_flag": 3, "change_message": ""}}, {"model": "admin.logentry", "pk": 103, "fields": {"action_time": "2023-05-27T13:45:35.538", "user": 1, "content_type": 13, "object_id": "65", "object_repr": "wefwe", "action_flag": 3, "change_message": ""}}, {"model": "admin.logentry", "pk": 104, "fields": {"action_time": "2023-05-27T13:45:35.547", "user": 1, "content_type": 13, "object_id": "64", "object_repr": "wefwe", "action_flag": 3, "change_message": ""}}, {"model": "admin.logentry", "pk": 105, "fields": {"action_time": "2023-05-27T13:45:35.556", "user": 1, "content_type": 13, "object_id": "63", "object_repr": "wefwe", "action_flag": 3, "change_message": ""}}, {"model": "admin.logentry", "pk": 106, "fields": {"action_time": "2023-05-27T13:45:35.567", "user": 1, "content_type": 13, "object_id": "62", "object_repr": "wefwe", "action_flag": 3, "change_message": ""}}, {"model": "admin.logentry", "pk": 107, "fields": {"action_time": "2023-05-27T13:45:35.576", "user": 1, "content_type": 13, "object_id": "61", "object_repr": "wefwe", "action_flag": 3, "change_message": ""}}, {"model": "admin.logentry", "pk": 108, "fields": {"action_time": "2023-05-27T13:45:35.586", "user": 1, "content_type": 13, "object_id": "60", "object_repr": "wefwe", "action_flag": 3, "change_message": ""}}, {"model": "admin.logentry", "pk": 109, "fields": {"action_time": "2023-05-27T13:45:35.595", "user": 1, "content_type": 13, "object_id": "59", "object_repr": "wefwe", "action_flag": 3, "change_message": ""}}, {"model": "admin.logentry", "pk": 110, "fields": {"action_time": "2023-05-27T13:45:35.605", "user": 1, "content_type": 13, "object_id": "58", "object_repr": "wefwe", "action_flag": 3, "change_message": ""}}, {"model": "admin.logentry", "pk": 111, "fields": {"action_time": "2023-05-27T13:45:35.614", "user": 1, "content_type": 13, "object_id": "57", "object_repr": "wefwe", "action_flag": 3, "change_message": ""}}, {"model": "admin.logentry", "pk": 112, "fields": {"action_time": "2023-05-27T13:45:35.624", "user": 1, "content_type": 13, "object_id": "56", "object_repr": "wefwe", "action_flag": 3, "change_message": ""}}, {"model": "admin.logentry", "pk": 113, "fields": {"action_time": "2023-05-27T13:45:35.633", "user": 1, "content_type": 13, "object_id": "55", "object_repr": "wefwe", "action_flag": 3, "change_message": ""}}, {"model": "admin.logentry", "pk": 114, "fields": {"action_time": "2023-05-27T13:45:35.643", "user": 1, "content_type": 13, "object_id": "54", "object_repr": "wefwe", "action_flag": 3, "change_message": ""}}, {"model": "admin.logentry", "pk": 115, "fields": {"action_time": "2023-05-27T13:45:35.652", "user": 1, "content_type": 13, "object_id": "53", "object_repr": "wefwe", "action_flag": 3, "change_message": ""}}, {"model": "admin.logentry", "pk": 116, "fields": {"action_time": "2023-05-27T13:45:35.661", "user": 1, "content_type": 13, "object_id": "52", "object_repr": "wefwe", "action_flag": 3, "change_message": ""}}, {"model": "admin.logentry", "pk": 117, "fields": {"action_time": "2023-05-27T13:45:35.671", "user": 1, "content_type": 13, "object_id": "51", "object_repr": "wefwe", "action_flag": 3, "change_message": ""}}, {"model": "admin.logentry", "pk": 118, "fields": {"action_time": "2023-05-27T13:45:35.681", "user": 1, "content_type": 13, "object_id": "50", "object_repr": "wefwe", "action_flag": 3, "change_message": ""}}, {"model": "admin.logentry", "pk": 119, "fields": {"action_time": "2023-05-27T13:45:35.691", "user": 1, "content_type": 13, "object_id": "49", "object_repr": "wefwe", "action_flag": 3, "change_message": ""}}, {"model": "admin.logentry", "pk": 120, "fields": {"action_time": "2023-05-27T13:45:35.701", "user": 1, "content_type": 13, "object_id": "48", "object_repr": "wefwe", "action_flag": 3, "change_message": ""}}, {"model": "admin.logentry", "pk": 121, "fields": {"action_time": "2023-05-27T13:45:35.710", "user": 1, "content_type": 13, "object_id": "47", "object_repr": "wefwe", "action_flag": 3, "change_message": ""}}, {"model": "admin.logentry", "pk": 122, "fields": {"action_time": "2023-05-27T13:45:35.720", "user": 1, "content_type": 13, "object_id": "46", "object_repr": "saf", "action_flag": 3, "change_message": ""}}, {"model": "admin.logentry", "pk": 123, "fields": {"action_time": "2023-05-27T13:45:35.729", "user": 1, "content_type": 13, "object_id": "45", "object_repr": "wefwe", "action_flag": 3, "change_message": ""}}, {"model": "admin.logentry", "pk": 124, "fields": {"action_time": "2023-05-27T13:45:35.738", "user": 1, "content_type": 13, "object_id": "44", "object_repr": "wefwe", "action_flag": 3, "change_message": ""}}, {"model": "admin.logentry", "pk": 125, "fields": {"action_time": "2023-05-27T13:45:35.747", "user": 1, "content_type": 13, "object_id": "43", "object_repr": "Zzxc", "action_flag": 3, "change_message": ""}}, {"model": "admin.logentry", "pk": 126, "fields": {"action_time": "2023-05-27T13:45:35.756", "user": 1, "content_type": 13, "object_id": "42", "object_repr": "Zzxc", "action_flag": 3, "change_message": ""}}, {"model": "admin.logentry", "pk": 127, "fields": {"action_time": "2023-05-27T13:45:35.766", "user": 1, "content_type": 13, "object_id": "41", "object_repr": "Zzxc", "action_flag": 3, "change_message": ""}}, {"model": "admin.logentry", "pk": 128, "fields": {"action_time": "2023-05-27T13:45:35.774", "user": 1, "content_type": 13, "object_id": "40", "object_repr": "Zzxc", "action_flag": 3, "change_message": ""}}, {"model": "admin.logentry", "pk": 129, "fields": {"action_time": "2023-05-27T13:45:35.783", "user": 1, "content_type": 13, "object_id": "39", "object_repr": "Zzxc", "action_flag": 3, "change_message": ""}}, {"model": "admin.logentry", "pk": 130, "fields": {"action_time": "2023-05-27T13:45:35.792", "user": 1, "content_type": 13, "object_id": "38", "object_repr": "asdad", "action_flag": 3, "change_message": ""}}, {"model": "admin.logentry", "pk": 131, "fields": {"action_time": "2023-05-27T13:45:35.803", "user": 1, "content_type": 13, "object_id": "37", "object_repr": "asdad", "action_flag": 3, "change_message": ""}}, {"model": "admin.logentry", "pk": 132, "fields": {"action_time": "2023-05-27T13:45:35.811", "user": 1, "content_type": 13, "object_id": "36", "object_repr": "asasdsa", "action_flag": 3, "change_message": ""}}, {"model": "admin.logentry", "pk": 133, "fields": {"action_time": "2023-05-27T13:45:35.820", "user": 1, "content_type": 13, "object_id": "35", "object_repr": "asasdsa", "action_flag": 3, "change_message": ""}}, {"model": "admin.logentry", "pk": 134, "fields": {"action_time": "2023-05-27T13:45:35.829", "user": 1, "content_type": 13, "object_id": "34", "object_repr": "asasdsa", "action_flag": 3, "change_message": ""}}, {"model": "admin.logentry", "pk": 135, "fields": {"action_time": "2023-05-27T13:45:35.839", "user": 1, "content_type": 13, "object_id": "33", "object_repr": "asasdsa", "action_flag": 3, "change_message": ""}}, {"model": "admin.logentry", "pk": 136, "fields": {"action_time": "2023-05-27T13:45:35.848", "user": 1, "content_type": 13, "object_id": "32", "object_repr": "asasdsa", "action_flag": 3, "change_message": ""}}, {"model": "admin.logentry", "pk": 137, "fields": {"action_time": "2023-05-27T13:45:35.857", "user": 1, "content_type": 13, "object_id": "31", "object_repr": "asasdsa", "action_flag": 3, "change_message": ""}}, {"model": "admin.logentry", "pk": 138, "fields": {"action_time": "2023-05-27T13:45:35.866", "user": 1, "content_type": 13, "object_id": "30", "object_repr": "asasdsa", "action_flag": 3, "change_message": ""}}, {"model": "admin.logentry", "pk": 139, "fields": {"action_time": "2023-05-27T13:45:35.876", "user": 1, "content_type": 13, "object_id": "29", "object_repr": "asasdsa", "action_flag": 3, "change_message": ""}}, {"model": "admin.logentry", "pk": 140, "fields": {"action_time": "2023-05-27T13:45:35.886", "user": 1, "content_type": 13, "object_id": "28", "object_repr": "asasdsa", "action_flag": 3, "change_message": ""}}, {"model": "admin.logentry", "pk": 141, "fields": {"action_time": "2023-05-27T13:45:35.896", "user": 1, "content_type": 13, "object_id": "27", "object_repr": "asasdsa", "action_flag": 3, "change_message": ""}}, {"model": "admin.logentry", "pk": 142, "fields": {"action_time": "2023-05-27T13:45:35.906", "user": 1, "content_type": 13, "object_id": "26", "object_repr": "asasdsa", "action_flag": 3, "change_message": ""}}, {"model": "admin.logentry", "pk": 143, "fields": {"action_time": "2023-05-27T13:45:35.916", "user": 1, "content_type": 13, "object_id": "25", "object_repr": "asasdsa", "action_flag": 3, "change_message": ""}}, {"model": "admin.logentry", "pk": 144, "fields": {"action_time": "2023-05-27T13:45:35.925", "user": 1, "content_type": 13, "object_id": "24", "object_repr": "asasdsa", "action_flag": 3, "change_message": ""}}, {"model": "admin.logentry", "pk": 145, "fields": {"action_time": "2023-05-27T13:45:35.935", "user": 1, "content_type": 13, "object_id": "23", "object_repr": "asasdsa", "action_flag": 3, "change_message": ""}}, {"model": "admin.logentry", "pk": 146, "fields": {"action_time": "2023-05-27T13:45:35.944", "user": 1, "content_type": 13, "object_id": "22", "object_repr": "asasdsa", "action_flag": 3, "change_message": ""}}, {"model": "admin.logentry", "pk": 147, "fields": {"action_time": "2023-05-27T13:45:35.953", "user": 1, "content_type": 13, "object_id": "21", "object_repr": "asasdsa", "action_flag": 3, "change_message": ""}}, {"model": "admin.logentry", "pk": 148, "fields": {"action_time": "2023-05-27T13:45:35.962", "user": 1, "content_type": 13, "object_id": "20", "object_repr": "asdasd", "action_flag": 3, "change_message": ""}}, {"model": "admin.logentry", "pk": 149, "fields": {"action_time": "2023-05-27T13:45:35.972", "user": 1, "content_type": 13, "object_id": "19", "object_repr": "asdasd", "action_flag": 3, "change_message": ""}}, {"model": "admin.logentry", "pk": 150, "fields": {"action_time": "2023-05-27T13:45:35.981", "user": 1, "content_type": 13, "object_id": "18", "object_repr": "asdasd", "action_flag": 3, "change_message": ""}}, {"model": "admin.logentry", "pk": 151, "fields": {"action_time": "2023-05-27T13:45:35.990", "user": 1, "content_type": 13, "object_id": "17", "object_repr": "asdasd", "action_flag": 3, "change_message": ""}}, {"model": "admin.logentry", "pk": 152, "fields": {"action_time": "2023-05-27T13:45:35.999", "user": 1, "content_type": 13, "object_id": "16", "object_repr": "asdasd", "action_flag": 3, "change_message": ""}}, {"model": "admin.logentry", "pk": 153, "fields": {"action_time": "2023-05-27T13:45:36.007", "user": 1, "content_type": 13, "object_id": "15", "object_repr": "asdasd", "action_flag": 3, "change_message": ""}}, {"model": "admin.logentry", "pk": 154, "fields": {"action_time": "2023-05-27T13:45:36.016", "user": 1, "content_type": 13, "object_id": "14", "object_repr": "asdasd", "action_flag": 3, "change_message": ""}}, {"model": "admin.logentry", "pk": 155, "fields": {"action_time": "2023-05-27T13:45:36.025", "user": 1, "content_type": 13, "object_id": "13", "object_repr": "asdasd", "action_flag": 3, "change_message": ""}}, {"model": "admin.logentry", "pk": 156, "fields": {"action_time": "2023-05-27T13:45:36.033", "user": 1, "content_type": 13, "object_id": "12", "object_repr": "asdasd", "action_flag": 3, "change_message": ""}}, {"model": "admin.logentry", "pk": 157, "fields": {"action_time": "2023-05-27T13:45:36.043", "user": 1, "content_type": 13, "object_id": "11", "object_repr": "asdasd", "action_flag": 3, "change_message": ""}}, {"model": "admin.logentry", "pk": 158, "fields": {"action_time": "2023-05-27T13:45:36.052", "user": 1, "content_type": 13, "object_id": "10", "object_repr": "asdasd", "action_flag": 3, "change_message": ""}}, {"model": "admin.logentry", "pk": 159, "fields": {"action_time": "2023-05-27T13:45:36.060", "user": 1, "content_type": 13, "object_id": "9", "object_repr": "asdasd", "action_flag": 3, "change_message": ""}}, {"model": "admin.logentry", "pk": 160, "fields": {"action_time": "2023-05-27T13:45:36.069", "user": 1, "content_type": 13, "object_id": "8", "object_repr": "asdasd", "action_flag": 3, "change_message": ""}}, {"model": "admin.logentry", "pk": 161, "fields": {"action_time": "2023-05-27T13:45:36.078", "user": 1, "content_type": 13, "object_id": "7", "object_repr": "asdasd", "action_flag": 3, "change_message": ""}}, {"model": "admin.logentry", "pk": 162, "fields": {"action_time": "2023-05-27T13:45:36.087", "user": 1, "content_type": 13, "object_id": "6", "object_repr": "asdasd", "action_flag": 3, "change_message": ""}}, {"model": "admin.logentry", "pk": 163, "fields": {"action_time": "2023-05-27T13:45:36.094", "user": 1, "content_type": 13, "object_id": "5", "object_repr": "asdasd", "action_flag": 3, "change_message": ""}}, {"model": "admin.logentry", "pk": 164, "fields": {"action_time": "2023-05-27T13:45:36.103", "user": 1, "content_type": 13, "object_id": "4", "object_repr": "asdasd", "action_flag": 3, "change_message": ""}}, {"model": "admin.logentry", "pk": 165, "fields": {"action_time": "2023-05-27T13:45:36.112", "user": 1, "content_type": 13, "object_id": "3", "object_repr": "asdasd", "action_flag": 3, "change_message": ""}}, {"model": "admin.logentry", "pk": 166, "fields": {"action_time": "2023-05-27T13:45:36.120", "user": 1, "content_type": 13, "object_id": "2", "object_repr": "test", "action_flag": 3, "change_message": ""}}, {"model": "admin.logentry", "pk": 167, "fields": {"action_time": "2023-05-27T13:45:36.129", "user": 1, "content_type": 13, "object_id": "1", "object_repr": "test", "action_flag": 3, "change_message": ""}}, {"model": "admin.logentry", "pk": 168, "fields": {"action_time": "2023-05-28T14:18:01.863", "user": 1, "content_type": 7, "object_id": "7", "object_repr": "test@naver.com", "action_flag": 2, "change_message": "[{\"changed\": {\"fields\": [\"Email\"]}}]"}}, {"model": "admin.logentry", "pk": 169, "fields": {"action_time": "2023-05-28T14:18:23.822", "user": 1, "content_type": 7, "object_id": "7", "object_repr": "bobonic2@naver.com", "action_flag": 2, "change_message": "[{\"changed\": {\"fields\": [\"Email\"]}}]"}}, {"model": "admin.logentry", "pk": 170, "fields": {"action_time": "2023-05-28T14:18:48.224", "user": 1, "content_type": 7, "object_id": "1", "object_repr": "test@naver.com", "action_flag": 2, "change_message": "[{\"changed\": {\"fields\": [\"Email\", \"Phone number\"]}}]"}}, {"model": "admin.logentry", "pk": 171, "fields": {"action_time": "2023-05-29T16:29:36.643", "user": 1, "content_type": 13, "object_id": "111", "object_repr": "ds", "action_flag": 3, "change_message": ""}}, {"model": "admin.logentry", "pk": 172, "fields": {"action_time": "2023-05-29T16:29:36.652", "user": 1, "content_type": 13, "object_id": "110", "object_repr": "ds", "action_flag": 3, "change_message": ""}}, {"model": "admin.logentry", "pk": 173, "fields": {"action_time": "2023-05-29T16:29:36.662", "user": 1, "content_type": 13, "object_id": "109", "object_repr": "ds", "action_flag": 3, "change_message": ""}}, {"model": "admin.logentry", "pk": 174, "fields": {"action_time": "2023-05-29T16:29:36.672", "user": 1, "content_type": 13, "object_id": "108", "object_repr": "ds", "action_flag": 3, "change_message": ""}}, {"model": "admin.logentry", "pk": 175, "fields": {"action_time": "2023-05-29T16:29:36.682", "user": 1, "content_type": 13, "object_id": "107", "object_repr": "ds", "action_flag": 3, "change_message": ""}}, {"model": "admin.logentry", "pk": 176, "fields": {"action_time": "2023-05-29T16:29:36.692", "user": 1, "content_type": 13, "object_id": "106", "object_repr": "ds", "action_flag": 3, "change_message": ""}}, {"model": "admin.logentry", "pk": 177, "fields": {"action_time": "2023-05-29T16:29:36.702", "user": 1, "content_type": 13, "object_id": "105", "object_repr": "ds", "action_flag": 3, "change_message": ""}}, {"model": "admin.logentry", "pk": 178, "fields": {"action_time": "2023-05-29T16:29:36.711", "user": 1, "content_type": 13, "object_id": "104", "object_repr": "ds", "action_flag": 3, "change_message": ""}}, {"model": "admin.logentry", "pk": 179, "fields": {"action_time": "2023-05-29T16:29:36.722", "user": 1, "content_type": 13, "object_id": "103", "object_repr": "ds", "action_flag": 3, "change_message": ""}}, {"model": "admin.logentry", "pk": 180, "fields": {"action_time": "2023-05-29T16:29:36.733", "user": 1, "content_type": 13, "object_id": "102", "object_repr": "ds", "action_flag": 3, "change_message": ""}}, {"model": "admin.logentry", "pk": 181, "fields": {"action_time": "2023-05-29T16:29:36.743", "user": 1, "content_type": 13, "object_id": "101", "object_repr": "ds", "action_flag": 3, "change_message": ""}}, {"model": "admin.logentry", "pk": 182, "fields": {"action_time": "2023-05-29T16:29:36.753", "user": 1, "content_type": 13, "object_id": "100", "object_repr": "sad", "action_flag": 3, "change_message": ""}}, {"model": "admin.logentry", "pk": 183, "fields": {"action_time": "2023-05-29T16:29:36.765", "user": 1, "content_type": 13, "object_id": "99", "object_repr": "sad", "action_flag": 3, "change_message": ""}}, {"model": "admin.logentry", "pk": 184, "fields": {"action_time": "2023-05-29T16:29:36.774", "user": 1, "content_type": 13, "object_id": "98", "object_repr": "asasd", "action_flag": 3, "change_message": ""}}, {"model": "admin.logentry", "pk": 185, "fields": {"action_time": "2023-05-29T16:29:36.784", "user": 1, "content_type": 13, "object_id": "97", "object_repr": "asdasd", "action_flag": 3, "change_message": ""}}, {"model": "admin.logentry", "pk": 186, "fields": {"action_time": "2023-05-29T16:29:36.793", "user": 1, "content_type": 13, "object_id": "96", "object_repr": "테스트", "action_flag": 3, "change_message": ""}}, {"model": "admin.logentry", "pk": 187, "fields": {"action_time": "2023-05-29T16:29:36.802", "user": 1, "content_type": 13, "object_id": "95", "object_repr": "테스트", "action_flag": 3, "change_message": ""}}, {"model": "admin.logentry", "pk": 188, "fields": {"action_time": "2023-05-29T16:29:36.812", "user": 1, "content_type": 13, "object_id": "94", "object_repr": "테스트", "action_flag": 3, "change_message": ""}}, {"model": "admin.logentry", "pk": 189, "fields": {"action_time": "2023-05-29T16:29:36.823", "user": 1, "content_type": 13, "object_id": "93", "object_repr": "테스트", "action_flag": 3, "change_message": ""}}, {"model": "admin.logentry", "pk": 190, "fields": {"action_time": "2023-05-29T16:29:36.833", "user": 1, "content_type": 13, "object_id": "92", "object_repr": "테스트", "action_flag": 3, "change_message": ""}}, {"model": "admin.logentry", "pk": 191, "fields": {"action_time": "2023-05-29T16:29:45.859", "user": 1, "content_type": 13, "object_id": "91", "object_repr": "테스트", "action_flag": 3, "change_message": ""}}, {"model": "admin.logentry", "pk": 192, "fields": {"action_time": "2023-05-29T16:29:45.868", "user": 1, "content_type": 13, "object_id": "90", "object_repr": "sadf", "action_flag": 3, "change_message": ""}}, {"model": "admin.logentry", "pk": 193, "fields": {"action_time": "2023-05-29T16:29:45.878", "user": 1, "content_type": 13, "object_id": "89", "object_repr": "sadf", "action_flag": 3, "change_message": ""}}, {"model": "admin.logentry", "pk": 194, "fields": {"action_time": "2023-05-29T16:29:45.887", "user": 1, "content_type": 13, "object_id": "88", "object_repr": "sadf", "action_flag": 3, "change_message": ""}}, {"model": "admin.logentry", "pk": 195, "fields": {"action_time": "2023-05-29T16:29:45.896", "user": 1, "content_type": 13, "object_id": "87", "object_repr": "sadf", "action_flag": 3, "change_message": ""}}, {"model": "admin.logentry", "pk": 196, "fields": {"action_time": "2023-05-29T16:29:45.906", "user": 1, "content_type": 13, "object_id": "86", "object_repr": "sadf", "action_flag": 3, "change_message": ""}}, {"model": "admin.logentry", "pk": 197, "fields": {"action_time": "2023-05-29T16:29:45.916", "user": 1, "content_type": 13, "object_id": "85", "object_repr": "sadf", "action_flag": 3, "change_message": ""}}, {"model": "admin.logentry", "pk": 198, "fields": {"action_time": "2023-05-29T16:29:45.924", "user": 1, "content_type": 13, "object_id": "84", "object_repr": "sadf", "action_flag": 3, "change_message": ""}}, {"model": "admin.logentry", "pk": 199, "fields": {"action_time": "2023-05-29T16:29:45.934", "user": 1, "content_type": 13, "object_id": "83", "object_repr": "sadf", "action_flag": 3, "change_message": ""}}, {"model": "admin.logentry", "pk": 200, "fields": {"action_time": "2023-05-29T16:29:45.944", "user": 1, "content_type": 13, "object_id": "82", "object_repr": "sadf", "action_flag": 3, "change_message": ""}}, {"model": "admin.logentry", "pk": 201, "fields": {"action_time": "2023-05-29T16:29:45.953", "user": 1, "content_type": 13, "object_id": "81", "object_repr": "sadf", "action_flag": 3, "change_message": ""}}, {"model": "admin.logentry", "pk": 202, "fields": {"action_time": "2023-05-29T16:29:45.961", "user": 1, "content_type": 13, "object_id": "80", "object_repr": "sadf", "action_flag": 3, "change_message": ""}}, {"model": "admin.logentry", "pk": 203, "fields": {"action_time": "2023-05-29T16:29:45.970", "user": 1, "content_type": 13, "object_id": "79", "object_repr": "sadf", "action_flag": 3, "change_message": ""}}, {"model": "admin.logentry", "pk": 204, "fields": {"action_time": "2023-05-29T16:29:45.979", "user": 1, "content_type": 13, "object_id": "78", "object_repr": "sadf", "action_flag": 3, "change_message": ""}}, {"model": "admin.logentry", "pk": 205, "fields": {"action_time": "2023-05-29T16:29:45.989", "user": 1, "content_type": 13, "object_id": "77", "object_repr": "sadf", "action_flag": 3, "change_message": ""}}, {"model": "admin.logentry", "pk": 206, "fields": {"action_time": "2023-05-29T16:29:52.376", "user": 1, "content_type": 12, "object_id": "3", "object_repr": "T47341d80dc40ec9f049", "action_flag": 3, "change_message": ""}}, {"model": "admin.logentry", "pk": 207, "fields": {"action_time": "2023-05-29T16:29:52.385", "user": 1, "content_type": 12, "object_id": "2", "object_repr": "18P822971A859300H", "action_flag": 3, "change_message": ""}}, {"model": "admin.logentry", "pk": 209, "fields": {"action_time": "2023-05-31T16:13:29.464", "user": 1, "content_type": 16, "object_id": "1", "object_repr": "test", "action_flag": 1, "change_message": "[{\"added\": {}}]"}}, {"model": "admin.logentry", "pk": 210, "fields": {"action_time": "2023-06-01T06:02:54.530", "user": 1, "content_type": 16, "object_id": "2", "object_repr": "test2", "action_flag": 3, "change_message": ""}}, {"model": "admin.logentry", "pk": 211, "fields": {"action_time": "2023-06-01T06:04:07.074", "user": 1, "content_type": 7, "object_id": "9", "object_repr": "bobonic@naver.com", "action_flag": 3, "change_message": ""}}, {"model": "admin.logentry", "pk": 212, "fields": {"action_time": "2023-06-01T06:04:07.083", "user": 1, "content_type": 7, "object_id": "7", "object_repr": "bobonic2@naver.com", "action_flag": 3, "change_message": ""}}, {"model": "admin.logentry", "pk": 213, "fields": {"action_time": "2023-06-01T06:07:45.527", "user": 1, "content_type": 7, "object_id": "10", "object_repr": "bobonic@naver.com", "action_flag": 3, "change_message": ""}}, {"model": "admin.logentry", "pk": 214, "fields": {"action_time": "2023-06-01T06:16:08.732", "user": 1, "content_type": 7, "object_id": "11", "object_repr": "bobonic@naver.com", "action_flag": 3, "change_message": ""}}, {"model": "admin.logentry", "pk": 215, "fields": {"action_time": "2023-06-03T18:43:21.542", "user": 1, "content_type": 11, "object_id": "13", "object_repr": "블루", "action_flag": 1, "change_message": "[{\"added\": {}}]"}}, {"model": "admin.logentry", "pk": 216, "fields": {"action_time": "2023-06-03T18:43:40.271", "user": 1, "content_type": 11, "object_id": "14", "object_repr": "38", "action_flag": 1, "change_message": "[{\"added\": {}}]"}}, {"model": "admin.logentry", "pk": 217, "fields": {"action_time": "2023-06-03T18:43:48.260", "user": 1, "content_type": 11, "object_id": "15", "object_repr": "40", "action_flag": 1, "change_message": "[{\"added\": {}}]"}}, {"model": "admin.logentry", "pk": 218, "fields": {"action_time": "2023-06-03T18:44:01.590", "user": 1, "content_type": 11, "object_id": "16", "object_repr": "white", "action_flag": 1, "change_message": "[{\"added\": {}}]"}}, {"model": "admin.logentry", "pk": 219, "fields": {"action_time": "2023-06-03T18:44:08.309", "user": 1, "content_type": 11, "object_id": "17", "object_repr": "270", "action_flag": 1, "change_message": "[{\"added\": {}}]"}}, {"model": "admin.logentry", "pk": 220, "fields": {"action_time": "2023-06-03T18:44:14.086", "user": 1, "content_type": 11, "object_id": "18", "object_repr": "280", "action_flag": 1, "change_message": "[{\"added\": {}}]"}}, {"model": "admin.logentry", "pk": 221, "fields": {"action_time": "2023-06-03T18:44:25.115", "user": 1, "content_type": 11, "object_id": "19", "object_repr": "white", "action_flag": 1, "change_message": "[{\"added\": {}}]"}}, {"model": "admin.logentry", "pk": 222, "fields": {"action_time": "2023-06-03T18:44:36.389", "user": 1, "content_type": 11, "object_id": "20", "object_repr": "One_size", "action_flag": 1, "change_message": "[{\"added\": {}}]"}}, {"model": "admin.logentry", "pk": 223, "fields": {"action_time": "2023-06-04T18:32:12.145", "user": 1, "content_type": 8, "object_id": "5", "object_repr": "jeans", "action_flag": 2, "change_message": "[{\"changed\": {\"fields\": [\"Price\"]}}]"}}, {"model": "admin.logentry", "pk": 224, "fields": {"action_time": "2023-06-06T16:56:00.300", "user": 1, "content_type": 12, "object_id": "15", "object_repr": "T478913062ea0baecf27", "action_flag": 3, "change_message": ""}}, {"model": "admin.logentry", "pk": 225, "fields": {"action_time": "2023-06-06T16:56:00.309", "user": 1, "content_type": 12, "object_id": "14", "object_repr": "T4785bb00dc40ec92333", "action_flag": 3, "change_message": ""}}, {"model": "admin.logentry", "pk": 226, "fields": {"action_time": "2023-06-06T16:56:00.316", "user": 1, "content_type": 12, "object_id": "12", "object_repr": "T475956c0dc40ec9020b", "action_flag": 3, "change_message": ""}}, {"model": "admin.logentry", "pk": 227, "fields": {"action_time": "2023-06-06T16:56:00.324", "user": 1, "content_type": 12, "object_id": "11", "object_repr": "T47594bd0dc40ec901fc", "action_flag": 3, "change_message": ""}}, {"model": "admin.logentry", "pk": 228, "fields": {"action_time": "2023-06-06T16:56:00.332", "user": 1, "content_type": 12, "object_id": "10", "object_repr": "T475936462ea0baeabf1", "action_flag": 3, "change_message": ""}}, {"model": "admin.logentry", "pk": 229, "fields": {"action_time": "2023-06-06T16:56:00.339", "user": 1, "content_type": 12, "object_id": "9", "object_repr": "T475926262ea0baeabe0", "action_flag": 3, "change_message": ""}}, {"model": "admin.logentry", "pk": 230, "fields": {"action_time": "2023-06-06T16:56:00.347", "user": 1, "content_type": 12, "object_id": "8", "object_repr": "T4757d390dc40ec900a5", "action_flag": 3, "change_message": ""}}, {"model": "admin.logentry", "pk": 231, "fields": {"action_time": "2023-06-06T16:56:00.354", "user": 1, "content_type": 12, "object_id": "7", "object_repr": "T4757bf262ea0baeaa9d", "action_flag": 3, "change_message": ""}}, {"model": "admin.logentry", "pk": 232, "fields": {"action_time": "2023-06-06T16:56:00.361", "user": 1, "content_type": 12, "object_id": "6", "object_repr": "T47578f60dc40ec9006c", "action_flag": 3, "change_message": ""}}, {"model": "admin.logentry", "pk": 233, "fields": {"action_time": "2023-06-06T16:56:00.368", "user": 1, "content_type": 12, "object_id": "5", "object_repr": "T47578800dc40ec90060", "action_flag": 3, "change_message": ""}}, {"model": "admin.logentry", "pk": 234, "fields": {"action_time": "2023-06-06T16:56:00.375", "user": 1, "content_type": 12, "object_id": "4", "object_repr": "T47576210dc40ec90043", "action_flag": 3, "change_message": ""}}, {"model": "admin.logentry", "pk": 235, "fields": {"action_time": "2023-06-06T16:56:09.605", "user": 1, "content_type": 13, "object_id": "126", "object_repr": "dwq", "action_flag": 3, "change_message": ""}}, {"model": "admin.logentry", "pk": 236, "fields": {"action_time": "2023-06-06T16:56:09.614", "user": 1, "content_type": 13, "object_id": "125", "object_repr": "test", "action_flag": 3, "change_message": ""}}, {"model": "admin.logentry", "pk": 237, "fields": {"action_time": "2023-06-06T16:56:09.621", "user": 1, "content_type": 13, "object_id": "124", "object_repr": "김낄", "action_flag": 3, "change_message": ""}}, {"model": "admin.logentry", "pk": 238, "fields": {"action_time": "2023-06-06T16:56:09.630", "user": 1, "content_type": 13, "object_id": "123", "object_repr": "sa", "action_flag": 3, "change_message": ""}}, {"model": "admin.logentry", "pk": 239, "fields": {"action_time": "2023-06-06T16:56:09.636", "user": 1, "content_type": 13, "object_id": "122", "object_repr": "갑수", "action_flag": 3, "change_message": ""}}, {"model": "admin.logentry", "pk": 240, "fields": {"action_time": "2023-06-06T16:56:09.646", "user": 1, "content_type": 13, "object_id": "121", "object_repr": "asd", "action_flag": 3, "change_message": ""}}, {"model": "admin.logentry", "pk": 241, "fields": {"action_time": "2023-06-06T16:56:09.655", "user": 1, "content_type": 13, "object_id": "120", "object_repr": "aaa", "action_flag": 3, "change_message": ""}}, {"model": "admin.logentry", "pk": 242, "fields": {"action_time": "2023-06-06T16:56:09.663", "user": 1, "content_type": 13, "object_id": "119", "object_repr": "aaa", "action_flag": 3, "change_message": ""}}, {"model": "admin.logentry", "pk": 243, "fields": {"action_time": "2023-06-06T16:56:09.671", "user": 1, "content_type": 13, "object_id": "118", "object_repr": "sad", "action_flag": 3, "change_message": ""}}, {"model": "admin.logentry", "pk": 244, "fields": {"action_time": "2023-06-06T16:56:09.679", "user": 1, "content_type": 13, "object_id": "117", "object_repr": "sad", "action_flag": 3, "change_message": ""}}, {"model": "admin.logentry", "pk": 245, "fields": {"action_time": "2023-06-06T16:56:09.688", "user": 1, "content_type": 13, "object_id": "116", "object_repr": "test", "action_flag": 3, "change_message": ""}}, {"model": "admin.logentry", "pk": 246, "fields": {"action_time": "2023-06-06T16:56:09.695", "user": 1, "content_type": 13, "object_id": "115", "object_repr": "test", "action_flag": 3, "change_message": ""}}, {"model": "admin.logentry", "pk": 247, "fields": {"action_time": "2023-06-06T16:56:09.705", "user": 1, "content_type": 13, "object_id": "114", "object_repr": "test", "action_flag": 3, "change_message": ""}}, {"model": "admin.logentry", "pk": 248, "fields": {"action_time": "2023-06-06T16:56:09.714", "user": 1, "content_type": 13, "object_id": "113", "object_repr": "test", "action_flag": 3, "change_message": ""}}, {"model": "admin.logentry", "pk": 249, "fields": {"action_time": "2023-06-06T16:56:09.721", "user": 1, "content_type": 13, "object_id": "112", "object_repr": "ds", "action_flag": 3, "change_message": ""}}, {"model": "admin.logentry", "pk": 250, "fields": {"action_time": "2023-06-06T16:56:24.782", "user": 1, "content_type": 9, "object_id": "27", "object_repr": "77jorh54bh0o7z7ko6ivo6xphnc0k6sb", "action_flag": 3, "change_message": ""}}, {"model": "admin.logentry", "pk": 251, "fields": {"action_time": "2023-06-06T16:56:24.790", "user": 1, "content_type": 9, "object_id": "26", "object_repr": "0ruu7wd330sd8k5okes10u14j6eydcqx", "action_flag": 3, "change_message": ""}}, {"model": "admin.logentry", "pk": 252, "fields": {"action_time": "2023-06-06T16:56:24.798", "user": 1, "content_type": 9, "object_id": "25", "object_repr": "k7pujhwkcop3o3fscvfrjpjw5hxrfk69", "action_flag": 3, "change_message": ""}}, {"model": "admin.logentry", "pk": 253, "fields": {"action_time": "2023-06-06T16:56:24.806", "user": 1, "content_type": 9, "object_id": "24", "object_repr": "8mvty0qfdwsnyh76j8abi70wbcd55fff", "action_flag": 3, "change_message": ""}}, {"model": "admin.logentry", "pk": 254, "fields": {"action_time": "2023-06-06T16:56:24.815", "user": 1, "content_type": 9, "object_id": "23", "object_repr": "imvmbl78k1gib4ayou7kk3w8tpz4udv7", "action_flag": 3, "change_message": ""}}, {"model": "admin.logentry", "pk": 255, "fields": {"action_time": "2023-06-06T16:56:24.825", "user": 1, "content_type": 9, "object_id": "22", "object_repr": "fqfg8wnckhczb8i5wfygmjmuxiid7w3f", "action_flag": 3, "change_message": ""}}, {"model": "admin.logentry", "pk": 256, "fields": {"action_time": "2023-06-06T16:56:24.835", "user": 1, "content_type": 9, "object_id": "21", "object_repr": "eioga8s7ijjsu0jut55zzpggyy0vnc2c", "action_flag": 3, "change_message": ""}}, {"model": "admin.logentry", "pk": 257, "fields": {"action_time": "2023-06-06T16:56:24.843", "user": 1, "content_type": 9, "object_id": "20", "object_repr": "0315nzy46liznbgamrpa7lmejir9zct2", "action_flag": 3, "change_message": ""}}, {"model": "admin.logentry", "pk": 258, "fields": {"action_time": "2023-06-06T16:56:24.851", "user": 1, "content_type": 9, "object_id": "19", "object_repr": "ohmyv48cr8dzvl75fnf9qia140ok0ie2", "action_flag": 3, "change_message": ""}}, {"model": "admin.logentry", "pk": 259, "fields": {"action_time": "2023-06-06T16:56:24.859", "user": 1, "content_type": 9, "object_id": "18", "object_repr": "of2ff69m61ddyzovpjty5qsj8241b4q4", "action_flag": 3, "change_message": ""}}, {"model": "admin.logentry", "pk": 260, "fields": {"action_time": "2023-06-06T16:56:24.872", "user": 1, "content_type": 9, "object_id": "17", "object_repr": "wufk7zbqs7m6i489e1smferboxwueryq", "action_flag": 3, "change_message": ""}}, {"model": "admin.logentry", "pk": 261, "fields": {"action_time": "2023-06-06T16:59:41.561", "user": 1, "content_type": 8, "object_id": "6", "object_repr": "나이키 인빈서블 3", "action_flag": 1, "change_message": "[{\"added\": {}}, {\"added\": {\"name\": \"productgallery\", \"object\": \"\\ub098\\uc774\\ud0a4 \\uc778\\ube48\\uc11c\\ube14 3\"}}, {\"added\": {\"name\": \"productgallery\", \"object\": \"\\ub098\\uc774\\ud0a4 \\uc778\\ube48\\uc11c\\ube14 3\"}}, {\"added\": {\"name\": \"productgallery\", \"object\": \"\\ub098\\uc774\\ud0a4 \\uc778\\ube48\\uc11c\\ube14 3\"}}, {\"added\": {\"name\": \"productgallery\", \"object\": \"\\ub098\\uc774\\ud0a4 \\uc778\\ube48\\uc11c\\ube14 3\"}}, {\"added\": {\"name\": \"productgallery\", \"object\": \"\\ub098\\uc774\\ud0a4 \\uc778\\ube48\\uc11c\\ube14 3\"}}, {\"added\": {\"name\": \"productgallery\", \"object\": \"\\ub098\\uc774\\ud0a4 \\uc778\\ube48\\uc11c\\ube14 3\"}}]"}}, {"model": "admin.logentry", "pk": 262, "fields": {"action_time": "2023-06-06T17:00:20.672", "user": 1, "content_type": 11, "object_id": "21", "object_repr": "화이트", "action_flag": 1, "change_message": "[{\"added\": {}}]"}}, {"model": "admin.logentry", "pk": 263, "fields": {"action_time": "2023-06-06T17:00:30.747", "user": 1, "content_type": 11, "object_id": "22", "object_repr": "250", "action_flag": 1, "change_message": "[{\"added\": {}}]"}}, {"model": "admin.logentry", "pk": 264, "fields": {"action_time": "2023-06-06T17:01:38.719", "user": 1, "content_type": 8, "object_id": "6", "object_repr": "나이키 인빈서블 3", "action_flag": 2, "change_message": "[{\"changed\": {\"fields\": [\"Description\"]}}]"}}, {"model": "admin.logentry", "pk": 265, "fields": {"action_time": "2023-06-06T17:02:45.924", "user": 1, "content_type": 11, "object_id": "23", "object_repr": "260", "action_flag": 1, "change_message": "[{\"added\": {}}]"}}, {"model": "admin.logentry", "pk": 266, "fields": {"action_time": "2023-06-06T17:02:51.589", "user": 1, "content_type": 11, "object_id": "24", "object_repr": "270", "action_flag": 1, "change_message": "[{\"added\": {}}]"}}, {"model": "admin.logentry", "pk": 267, "fields": {"action_time": "2023-06-06T17:02:58.820", "user": 1, "content_type": 11, "object_id": "25", "object_repr": "280", "action_flag": 1, "change_message": "[{\"added\": {}}]"}}, {"model": "admin.logentry", "pk": 268, "fields": {"action_time": "2023-06-06T17:08:04.441", "user": 1, "content_type": 8, "object_id": "6", "object_repr": "나이키 인빈서블 3", "action_flag": 3, "change_message": ""}}, {"model": "admin.logentry", "pk": 269, "fields": {"action_time": "2023-06-06T17:11:19.376", "user": 1, "content_type": 8, "object_id": "7", "object_repr": "나이키 인빈서블", "action_flag": 1, "change_message": "[{\"added\": {}}, {\"added\": {\"name\": \"productgallery\", \"object\": \"\\ub098\\uc774\\ud0a4 \\uc778\\ube48\\uc11c\\ube14\"}}, {\"added\": {\"name\": \"productgallery\", \"object\": \"\\ub098\\uc774\\ud0a4 \\uc778\\ube48\\uc11c\\ube14\"}}, {\"added\": {\"name\": \"productgallery\", \"object\": \"\\ub098\\uc774\\ud0a4 \\uc778\\ube48\\uc11c\\ube14\"}}, {\"added\": {\"name\": \"productgallery\", \"object\": \"\\ub098\\uc774\\ud0a4 \\uc778\\ube48\\uc11c\\ube14\"}}, {\"added\": {\"name\": \"productgallery\", \"object\": \"\\ub098\\uc774\\ud0a4 \\uc778\\ube48\\uc11c\\ube14\"}}, {\"added\": {\"name\": \"productgallery\", \"object\": \"\\ub098\\uc774\\ud0a4 \\uc778\\ube48\\uc11c\\ube14\"}}, {\"added\": {\"name\": \"productgallery\", \"object\": \"\\ub098\\uc774\\ud0a4 \\uc778\\ube48\\uc11c\\ube14\"}}, {\"added\": {\"name\": \"productgallery\", \"object\": \"\\ub098\\uc774\\ud0a4 \\uc778\\ube48\\uc11c\\ube14\"}}]"}}, {"model": "admin.logentry", "pk": 270, "fields": {"action_time": "2023-06-06T17:11:51.800", "user": 1, "content_type": 11, "object_id": "26", "object_repr": "화이트", "action_flag": 1, "change_message": "[{\"added\": {}}]"}}, {"model": "admin.logentry", "pk": 271, "fields": {"action_time": "2023-06-06T17:12:00.154", "user": 1, "content_type": 11, "object_id": "27", "object_repr": "블랙", "action_flag": 1, "change_message": "[{\"added\": {}}]"}}, {"model": "admin.logentry", "pk": 272, "fields": {"action_time": "2023-06-06T17:12:06.637", "user": 1, "content_type": 11, "object_id": "28", "object_repr": "240", "action_flag": 1, "change_message": "[{\"added\": {}}]"}}, {"model": "admin.logentry", "pk": 273, "fields": {"action_time": "2023-06-06T17:12:12.026", "user": 1, "content_type": 11, "object_id": "29", "object_repr": "250", "action_flag": 1, "change_message": "[{\"added\": {}}]"}}, {"model": "admin.logentry", "pk": 274, "fields": {"action_time": "2023-06-06T17:12:17.423", "user": 1, "content_type": 11, "object_id": "30", "object_repr": "260", "action_flag": 1, "change_message": "[{\"added\": {}}]"}}, {"model": "admin.logentry", "pk": 275, "fields": {"action_time": "2023-06-06T17:12:22.191", "user": 1, "content_type": 11, "object_id": "31", "object_repr": "270", "action_flag": 1, "change_message": "[{\"added\": {}}]"}}, {"model": "admin.logentry", "pk": 276, "fields": {"action_time": "2023-06-06T17:12:26.779", "user": 1, "content_type": 11, "object_id": "32", "object_repr": "280", "action_flag": 1, "change_message": "[{\"added\": {}}]"}}, {"model": "admin.logentry", "pk": 277, "fields": {"action_time": "2023-06-06T17:13:06.716", "user": 1, "content_type": 8, "object_id": "3", "object_repr": "신발", "action_flag": 3, "change_message": ""}}, {"model": "admin.logentry", "pk": 278, "fields": {"action_time": "2023-06-06T17:16:52.342", "user": 1, "content_type": 8, "object_id": "8", "object_repr": "나이키 에어포스", "action_flag": 1, "change_message": "[{\"added\": {}}, {\"added\": {\"name\": \"productgallery\", \"object\": \"\\ub098\\uc774\\ud0a4 \\uc5d0\\uc5b4\\ud3ec\\uc2a4\"}}, {\"added\": {\"name\": \"productgallery\", \"object\": \"\\ub098\\uc774\\ud0a4 \\uc5d0\\uc5b4\\ud3ec\\uc2a4\"}}, {\"added\": {\"name\": \"productgallery\", \"object\": \"\\ub098\\uc774\\ud0a4 \\uc5d0\\uc5b4\\ud3ec\\uc2a4\"}}, {\"added\": {\"name\": \"productgallery\", \"object\": \"\\ub098\\uc774\\ud0a4 \\uc5d0\\uc5b4\\ud3ec\\uc2a4\"}}, {\"added\": {\"name\": \"productgallery\", \"object\": \"\\ub098\\uc774\\ud0a4 \\uc5d0\\uc5b4\\ud3ec\\uc2a4\"}}, {\"added\": {\"name\": \"productgallery\", \"object\": \"\\ub098\\uc774\\ud0a4 \\uc5d0\\uc5b4\\ud3ec\\uc2a4\"}}]"}}, {"model": "admin.logentry", "pk": 279, "fields": {"action_time": "2023-06-06T17:17:10.348", "user": 1, "content_type": 11, "object_id": "33", "object_repr": "화이트", "action_flag": 1, "change_message": "[{\"added\": {}}]"}}, {"model": "admin.logentry", "pk": 280, "fields": {"action_time": "2023-06-06T17:17:17.630", "user": 1, "content_type": 11, "object_id": "34", "object_repr": "240", "action_flag": 1, "change_message": "[{\"added\": {}}]"}}, {"model": "admin.logentry", "pk": 281, "fields": {"action_time": "2023-06-06T17:17:23.272", "user": 1, "content_type": 11, "object_id": "35", "object_repr": "250", "action_flag": 1, "change_message": "[{\"added\": {}}]"}}, {"model": "admin.logentry", "pk": 282, "fields": {"action_time": "2023-06-06T17:17:27.707", "user": 1, "content_type": 11, "object_id": "36", "object_repr": "260", "action_flag": 1, "change_message": "[{\"added\": {}}]"}}, {"model": "admin.logentry", "pk": 283, "fields": {"action_time": "2023-06-06T17:17:32.119", "user": 1, "content_type": 11, "object_id": "37", "object_repr": "270", "action_flag": 1, "change_message": "[{\"added\": {}}]"}}, {"model": "admin.logentry", "pk": 284, "fields": {"action_time": "2023-06-06T17:17:38.640", "user": 1, "content_type": 11, "object_id": "38", "object_repr": "280", "action_flag": 1, "change_message": "[{\"added\": {}}]"}}, {"model": "admin.logentry", "pk": 285, "fields": {"action_time": "2023-06-06T17:18:11.408", "user": 1, "content_type": 8, "object_id": "5", "object_repr": "jeans", "action_flag": 3, "change_message": ""}}, {"model": "admin.logentry", "pk": 286, "fields": {"action_time": "2023-06-06T17:18:11.416", "user": 1, "content_type": 8, "object_id": "1", "object_repr": "청바지", "action_flag": 3, "change_message": ""}}, {"model": "admin.logentry", "pk": 287, "fields": {"action_time": "2023-06-06T17:21:06.404", "user": 1, "content_type": 8, "object_id": "9", "object_repr": "나이키 스포츠웨어 에센셜", "action_flag": 1, "change_message": "[{\"added\": {}}, {\"added\": {\"name\": \"productgallery\", \"object\": \"\\ub098\\uc774\\ud0a4 \\uc2a4\\ud3ec\\uce20\\uc6e8\\uc5b4 \\uc5d0\\uc13c\\uc15c\"}}, {\"added\": {\"name\": \"productgallery\", \"object\": \"\\ub098\\uc774\\ud0a4 \\uc2a4\\ud3ec\\uce20\\uc6e8\\uc5b4 \\uc5d0\\uc13c\\uc15c\"}}, {\"added\": {\"name\": \"productgallery\", \"object\": \"\\ub098\\uc774\\ud0a4 \\uc2a4\\ud3ec\\uce20\\uc6e8\\uc5b4 \\uc5d0\\uc13c\\uc15c\"}}, {\"added\": {\"name\": \"productgallery\", \"object\": \"\\ub098\\uc774\\ud0a4 \\uc2a4\\ud3ec\\uce20\\uc6e8\\uc5b4 \\uc5d0\\uc13c\\uc15c\"}}, {\"added\": {\"name\": \"productgallery\", \"object\": \"\\ub098\\uc774\\ud0a4 \\uc2a4\\ud3ec\\uce20\\uc6e8\\uc5b4 \\uc5d0\\uc13c\\uc15c\"}}, {\"added\": {\"name\": \"productgallery\", \"object\": \"\\ub098\\uc774\\ud0a4 \\uc2a4\\ud3ec\\uce20\\uc6e8\\uc5b4 \\uc5d0\\uc13c\\uc15c\"}}, {\"added\": {\"name\": \"productgallery\", \"object\": \"\\ub098\\uc774\\ud0a4 \\uc2a4\\ud3ec\\uce20\\uc6e8\\uc5b4 \\uc5d0\\uc13c\\uc15c\"}}, {\"added\": {\"name\": \"productgallery\", \"object\": \"\\ub098\\uc774\\ud0a4 \\uc2a4\\ud3ec\\uce20\\uc6e8\\uc5b4 \\uc5d0\\uc13c\\uc15c\"}}, {\"added\": {\"name\": \"productgallery\", \"object\": \"\\ub098\\uc774\\ud0a4 \\uc2a4\\ud3ec\\uce20\\uc6e8\\uc5b4 \\uc5d0\\uc13c\\uc15c\"}}, {\"added\": {\"name\": \"productgallery\", \"object\": \"\\ub098\\uc774\\ud0a4 \\uc2a4\\ud3ec\\uce20\\uc6e8\\uc5b4 \\uc5d0\\uc13c\\uc15c\"}}, {\"added\": {\"name\": \"productgallery\", \"object\": \"\\ub098\\uc774\\ud0a4 \\uc2a4\\ud3ec\\uce20\\uc6e8\\uc5b4 \\uc5d0\\uc13c\\uc15c\"}}, {\"added\": {\"name\": \"productgallery\", \"object\": \"\\ub098\\uc774\\ud0a4 \\uc2a4\\ud3ec\\uce20\\uc6e8\\uc5b4 \\uc5d0\\uc13c\\uc15c\"}}, {\"added\": {\"name\": \"productgallery\", \"object\": \"\\ub098\\uc774\\ud0a4 \\uc2a4\\ud3ec\\uce20\\uc6e8\\uc5b4 \\uc5d0\\uc13c\\uc15c\"}}, {\"added\": {\"name\": \"productgallery\", \"object\": \"\\ub098\\uc774\\ud0a4 \\uc2a4\\ud3ec\\uce20\\uc6e8\\uc5b4 \\uc5d0\\uc13c\\uc15c\"}}, {\"added\": {\"name\": \"productgallery\", \"object\": \"\\ub098\\uc774\\ud0a4 \\uc2a4\\ud3ec\\uce20\\uc6e8\\uc5b4 \\uc5d0\\uc13c\\uc15c\"}}, {\"added\": {\"name\": \"productgallery\", \"object\": \"\\ub098\\uc774\\ud0a4 \\uc2a4\\ud3ec\\uce20\\uc6e8\\uc5b4 \\uc5d0\\uc13c\\uc15c\"}}, {\"added\": {\"name\": \"productgallery\", \"object\": \"\\ub098\\uc774\\ud0a4 \\uc2a4\\ud3ec\\uce20\\uc6e8\\uc5b4 \\uc5d0\\uc13c\\uc15c\"}}]"}}, {"model": "admin.logentry", "pk": 288, "fields": {"action_time": "2023-06-06T17:21:33.012", "user": 1, "content_type": 11, "object_id": "39", "object_repr": "오렌지", "action_flag": 1, "change_message": "[{\"added\": {}}]"}}, {"model": "admin.logentry", "pk": 289, "fields": {"action_time": "2023-06-06T17:21:39.636", "user": 1, "content_type": 11, "object_id": "40", "object_repr": "베이지", "action_flag": 1, "change_message": "[{\"added\": {}}]"}}, {"model": "admin.logentry", "pk": 290, "fields": {"action_time": "2023-06-06T17:21:50.413", "user": 1, "content_type": 11, "object_id": "41", "object_repr": "블랙", "action_flag": 1, "change_message": "[{\"added\": {}}]"}}, {"model": "admin.logentry", "pk": 291, "fields": {"action_time": "2023-06-06T17:21:57.877", "user": 1, "content_type": 11, "object_id": "42", "object_repr": "S", "action_flag": 1, "change_message": "[{\"added\": {}}]"}}, {"model": "admin.logentry", "pk": 292, "fields": {"action_time": "2023-06-06T17:22:03.524", "user": 1, "content_type": 11, "object_id": "43", "object_repr": "M", "action_flag": 1, "change_message": "[{\"added\": {}}]"}}, {"model": "admin.logentry", "pk": 293, "fields": {"action_time": "2023-06-06T17:22:09.488", "user": 1, "content_type": 11, "object_id": "44", "object_repr": "L", "action_flag": 1, "change_message": "[{\"added\": {}}]"}}, {"model": "admin.logentry", "pk": 294, "fields": {"action_time": "2023-06-06T17:24:42.039", "user": 1, "content_type": 8, "object_id": "10", "object_repr": "우븐 카고 팬츠", "action_flag": 1, "change_message": "[{\"added\": {}}, {\"added\": {\"name\": \"productgallery\", \"object\": \"\\uc6b0\\ube10 \\uce74\\uace0 \\ud32c\\uce20\"}}, {\"added\": {\"name\": \"productgallery\", \"object\": \"\\uc6b0\\ube10 \\uce74\\uace0 \\ud32c\\uce20\"}}, {\"added\": {\"name\": \"productgallery\", \"object\": \"\\uc6b0\\ube10 \\uce74\\uace0 \\ud32c\\uce20\"}}, {\"added\": {\"name\": \"productgallery\", \"object\": \"\\uc6b0\\ube10 \\uce74\\uace0 \\ud32c\\uce20\"}}, {\"added\": {\"name\": \"productgallery\", \"object\": \"\\uc6b0\\ube10 \\uce74\\uace0 \\ud32c\\uce20\"}}]"}}, {"model": "admin.logentry", "pk": 295, "fields": {"action_time": "2023-06-06T17:25:00.677", "user": 1, "content_type": 11, "object_id": "45", "object_repr": "블랙", "action_flag": 1, "change_message": "[{\"added\": {}}]"}}, {"model": "admin.logentry", "pk": 296, "fields": {"action_time": "2023-06-06T17:25:11.206", "user": 1, "content_type": 11, "object_id": "46", "object_repr": "28", "action_flag": 1, "change_message": "[{\"added\": {}}]"}}, {"model": "admin.logentry", "pk": 297, "fields": {"action_time": "2023-06-06T17:25:17.306", "user": 1, "content_type": 11, "object_id": "47", "object_repr": "29", "action_flag": 1, "change_message": "[{\"added\": {}}]"}}, {"model": "admin.logentry", "pk": 298, "fields": {"action_time": "2023-06-06T17:25:21.987", "user": 1, "content_type": 11, "object_id": "48", "object_repr": "30", "action_flag": 1, "change_message": "[{\"added\": {}}]"}}, {"model": "admin.logentry", "pk": 299, "fields": {"action_time": "2023-06-06T17:25:26.145", "user": 1, "content_type": 11, "object_id": "49", "object_repr": "31", "action_flag": 1, "change_message": "[{\"added\": {}}]"}}, {"model": "admin.logentry", "pk": 300, "fields": {"action_time": "2023-06-06T17:25:29.603", "user": 1, "content_type": 11, "object_id": "50", "object_repr": "32", "action_flag": 1, "change_message": "[{\"added\": {}}]"}}, {"model": "admin.logentry", "pk": 301, "fields": {"action_time": "2023-06-06T17:25:33.852", "user": 1, "content_type": 11, "object_id": "51", "object_repr": "33", "action_flag": 1, "change_message": "[{\"added\": {}}]"}}, {"model": "admin.logentry", "pk": 302, "fields": {"action_time": "2023-06-06T17:25:37.459", "user": 1, "content_type": 11, "object_id": "52", "object_repr": "34", "action_flag": 1, "change_message": "[{\"added\": {}}]"}}, {"model": "admin.logentry", "pk": 303, "fields": {"action_time": "2023-06-06T17:25:42.227", "user": 1, "content_type": 11, "object_id": "53", "object_repr": "35", "action_flag": 1, "change_message": "[{\"added\": {}}]"}}, {"model": "admin.logentry", "pk": 304, "fields": {"action_time": "2023-06-06T17:25:47.294", "user": 1, "content_type": 11, "object_id": "54", "object_repr": "36", "action_flag": 1, "change_message": "[{\"added\": {}}]"}}, {"model": "admin.logentry", "pk": 305, "fields": {"action_time": "2023-06-06T17:26:44.010", "user": 1, "content_type": 8, "object_id": "4", "object_repr": "황토자켓", "action_flag": 3, "change_message": ""}}, {"model": "admin.logentry", "pk": 306, "fields": {"action_time": "2023-06-06T17:29:25.642", "user": 1, "content_type": 8, "object_id": "11", "object_repr": "SB 자켓", "action_flag": 1, "change_message": "[{\"added\": {}}, {\"added\": {\"name\": \"productgallery\", \"object\": \"SB \\uc790\\ucf13\"}}, {\"added\": {\"name\": \"productgallery\", \"object\": \"SB \\uc790\\ucf13\"}}, {\"added\": {\"name\": \"productgallery\", \"object\": \"SB \\uc790\\ucf13\"}}, {\"added\": {\"name\": \"productgallery\", \"object\": \"SB \\uc790\\ucf13\"}}, {\"added\": {\"name\": \"productgallery\", \"object\": \"SB \\uc790\\ucf13\"}}, {\"added\": {\"name\": \"productgallery\", \"object\": \"SB \\uc790\\ucf13\"}}, {\"added\": {\"name\": \"productgallery\", \"object\": \"SB \\uc790\\ucf13\"}}, {\"added\": {\"name\": \"productgallery\", \"object\": \"SB \\uc790\\ucf13\"}}, {\"added\": {\"name\": \"productgallery\", \"object\": \"SB \\uc790\\ucf13\"}}, {\"added\": {\"name\": \"productgallery\", \"object\": \"SB \\uc790\\ucf13\"}}, {\"added\": {\"name\": \"productgallery\", \"object\": \"SB \\uc790\\ucf13\"}}, {\"added\": {\"name\": \"productgallery\", \"object\": \"SB \\uc790\\ucf13\"}}, {\"added\": {\"name\": \"productgallery\", \"object\": \"SB \\uc790\\ucf13\"}}, {\"added\": {\"name\": \"productgallery\", \"object\": \"SB \\uc790\\ucf13\"}}, {\"added\": {\"name\": \"productgallery\", \"object\": \"SB \\uc790\\ucf13\"}}, {\"added\": {\"name\": \"productgallery\", \"object\": \"SB \\uc790\\ucf13\"}}, {\"added\": {\"name\": \"productgallery\", \"object\": \"SB \\uc790\\ucf13\"}}]"}}, {"model": "admin.logentry", "pk": 307, "fields": {"action_time": "2023-06-06T17:29:42.976", "user": 1, "content_type": 11, "object_id": "55", "object_repr": "블루", "action_flag": 1, "change_message": "[{\"added\": {}}]"}}, {"model": "admin.logentry", "pk": 308, "fields": {"action_time": "2023-06-06T17:29:50.788", "user": 1, "content_type": 11, "object_id": "56", "object_repr": "올리브", "action_flag": 1, "change_message": "[{\"added\": {}}]"}}, {"model": "admin.logentry", "pk": 309, "fields": {"action_time": "2023-06-06T17:29:58.977", "user": 1, "content_type": 11, "object_id": "57", "object_repr": "오렌지", "action_flag": 1, "change_message": "[{\"added\": {}}]"}}, {"model": "admin.logentry", "pk": 310, "fields": {"action_time": "2023-06-06T17:30:18.044", "user": 1, "content_type": 11, "object_id": "58", "object_repr": "XS", "action_flag": 1, "change_message": "[{\"added\": {}}]"}}, {"model": "admin.logentry", "pk": 311, "fields": {"action_time": "2023-06-06T17:30:22.076", "user": 1, "content_type": 11, "object_id": "59", "object_repr": "S", "action_flag": 1, "change_message": "[{\"added\": {}}]"}}, {"model": "admin.logentry", "pk": 312, "fields": {"action_time": "2023-06-06T17:30:26.080", "user": 1, "content_type": 11, "object_id": "60", "object_repr": "M", "action_flag": 1, "change_message": "[{\"added\": {}}]"}}, {"model": "admin.logentry", "pk": 313, "fields": {"action_time": "2023-06-06T17:30:31.100", "user": 1, "content_type": 11, "object_id": "61", "object_repr": "L", "action_flag": 1, "change_message": "[{\"added\": {}}]"}}, {"model": "admin.logentry", "pk": 314, "fields": {"action_time": "2023-06-06T17:30:37.122", "user": 1, "content_type": 11, "object_id": "62", "object_repr": "XL", "action_flag": 1, "change_message": "[{\"added\": {}}]"}}, {"model": "admin.logentry", "pk": 315, "fields": {"action_time": "2023-06-06T17:32:42.154", "user": 1, "content_type": 8, "object_id": "12", "object_repr": "윈드러너", "action_flag": 1, "change_message": "[{\"added\": {}}, {\"added\": {\"name\": \"productgallery\", \"object\": \"\\uc708\\ub4dc\\ub7ec\\ub108\"}}, {\"added\": {\"name\": \"productgallery\", \"object\": \"\\uc708\\ub4dc\\ub7ec\\ub108\"}}, {\"added\": {\"name\": \"productgallery\", \"object\": \"\\uc708\\ub4dc\\ub7ec\\ub108\"}}, {\"added\": {\"name\": \"productgallery\", \"object\": \"\\uc708\\ub4dc\\ub7ec\\ub108\"}}, {\"added\": {\"name\": \"productgallery\", \"object\": \"\\uc708\\ub4dc\\ub7ec\\ub108\"}}, {\"added\": {\"name\": \"productgallery\", \"object\": \"\\uc708\\ub4dc\\ub7ec\\ub108\"}}, {\"added\": {\"name\": \"productgallery\", \"object\": \"\\uc708\\ub4dc\\ub7ec\\ub108\"}}, {\"added\": {\"name\": \"productgallery\", \"object\": \"\\uc708\\ub4dc\\ub7ec\\ub108\"}}, {\"added\": {\"name\": \"productgallery\", \"object\": \"\\uc708\\ub4dc\\ub7ec\\ub108\"}}]"}}, {"model": "admin.logentry", "pk": 316, "fields": {"action_time": "2023-06-06T17:32:55.159", "user": 1, "content_type": 11, "object_id": "63", "object_repr": "화이트", "action_flag": 1, "change_message": "[{\"added\": {}}]"}}, {"model": "admin.logentry", "pk": 317, "fields": {"action_time": "2023-06-06T17:33:01.826", "user": 1, "content_type": 11, "object_id": "64", "object_repr": "블랙", "action_flag": 1, "change_message": "[{\"added\": {}}]"}}, {"model": "admin.logentry", "pk": 318, "fields": {"action_time": "2023-06-06T17:33:11.397", "user": 1, "content_type": 11, "object_id": "65", "object_repr": "베이지", "action_flag": 1, "change_message": "[{\"added\": {}}]"}}, {"model": "admin.logentry", "pk": 319, "fields": {"action_time": "2023-06-06T17:33:22.227", "user": 1, "content_type": 11, "object_id": "66", "object_repr": "95", "action_flag": 1, "change_message": "[{\"added\": {}}]"}}, {"model": "admin.logentry", "pk": 320, "fields": {"action_time": "2023-06-06T17:33:29.121", "user": 1, "content_type": 11, "object_id": "67", "object_repr": "100", "action_flag": 1, "change_message": "[{\"added\": {}}]"}}, {"model": "admin.logentry", "pk": 321, "fields": {"action_time": "2023-06-06T17:33:36.760", "user": 1, "content_type": 11, "object_id": "68", "object_repr": "105", "action_flag": 1, "change_message": "[{\"added\": {}}]"}}, {"model": "admin.logentry", "pk": 322, "fields": {"action_time": "2023-06-06T17:35:37.307", "user": 1, "content_type": 8, "object_id": "13", "object_repr": "드라이핏", "action_flag": 1, "change_message": "[{\"added\": {}}, {\"added\": {\"name\": \"productgallery\", \"object\": \"\\ub4dc\\ub77c\\uc774\\ud54f\"}}, {\"added\": {\"name\": \"productgallery\", \"object\": \"\\ub4dc\\ub77c\\uc774\\ud54f\"}}, {\"added\": {\"name\": \"productgallery\", \"object\": \"\\ub4dc\\ub77c\\uc774\\ud54f\"}}, {\"added\": {\"name\": \"productgallery\", \"object\": \"\\ub4dc\\ub77c\\uc774\\ud54f\"}}, {\"added\": {\"name\": \"productgallery\", \"object\": \"\\ub4dc\\ub77c\\uc774\\ud54f\"}}, {\"added\": {\"name\": \"productgallery\", \"object\": \"\\ub4dc\\ub77c\\uc774\\ud54f\"}}, {\"added\": {\"name\": \"productgallery\", \"object\": \"\\ub4dc\\ub77c\\uc774\\ud54f\"}}]"}}, {"model": "admin.logentry", "pk": 323, "fields": {"action_time": "2023-06-06T17:35:49.879", "user": 1, "content_type": 11, "object_id": "69", "object_repr": "블랙", "action_flag": 1, "change_message": "[{\"added\": {}}]"}}, {"model": "admin.logentry", "pk": 324, "fields": {"action_time": "2023-06-06T17:35:55.825", "user": 1, "content_type": 11, "object_id": "70", "object_repr": "화이트", "action_flag": 1, "change_message": "[{\"added\": {}}]"}}, {"model": "admin.logentry", "pk": 325, "fields": {"action_time": "2023-06-06T17:36:04.892", "user": 1, "content_type": 11, "object_id": "71", "object_repr": "Free", "action_flag": 1, "change_message": "[{\"added\": {}}]"}}, {"model": "admin.logentry", "pk": 326, "fields": {"action_time": "2023-06-06T17:37:39.119", "user": 1, "content_type": 8, "object_id": "14", "object_repr": "조던 드라이핏", "action_flag": 1, "change_message": "[{\"added\": {}}, {\"added\": {\"name\": \"productgallery\", \"object\": \"\\uc870\\ub358 \\ub4dc\\ub77c\\uc774\\ud54f\"}}, {\"added\": {\"name\": \"productgallery\", \"object\": \"\\uc870\\ub358 \\ub4dc\\ub77c\\uc774\\ud54f\"}}, {\"added\": {\"name\": \"productgallery\", \"object\": \"\\uc870\\ub358 \\ub4dc\\ub77c\\uc774\\ud54f\"}}, {\"added\": {\"name\": \"productgallery\", \"object\": \"\\uc870\\ub358 \\ub4dc\\ub77c\\uc774\\ud54f\"}}, {\"added\": {\"name\": \"productgallery\", \"object\": \"\\uc870\\ub358 \\ub4dc\\ub77c\\uc774\\ud54f\"}}, {\"added\": {\"name\": \"productgallery\", \"object\": \"\\uc870\\ub358 \\ub4dc\\ub77c\\uc774\\ud54f\"}}, {\"added\": {\"name\": \"productgallery\", \"object\": \"\\uc870\\ub358 \\ub4dc\\ub77c\\uc774\\ud54f\"}}, {\"added\": {\"name\": \"productgallery\", \"object\": \"\\uc870\\ub358 \\ub4dc\\ub77c\\uc774\\ud54f\"}}, {\"added\": {\"name\": \"productgallery\", \"object\": \"\\uc870\\ub358 \\ub4dc\\ub77c\\uc774\\ud54f\"}}, {\"added\": {\"name\": \"productgallery\", \"object\": \"\\uc870\\ub358 \\ub4dc\\ub77c\\uc774\\ud54f\"}}]"}}, {"model": "admin.logentry", "pk": 327, "fields": {"action_time": "2023-06-06T17:37:50.519", "user": 1, "content_type": 11, "object_id": "72", "object_repr": "화이트", "action_flag": 1, "change_message": "[{\"added\": {}}]"}}, {"model": "admin.logentry", "pk": 328, "fields": {"action_time": "2023-06-06T17:37:56.350", "user": 1, "content_type": 11, "object_id": "73", "object_repr": "레드", "action_flag": 1, "change_message": "[{\"added\": {}}]"}}, {"model": "admin.logentry", "pk": 329, "fields": {"action_time": "2023-06-06T17:38:05.441", "user": 1, "content_type": 11, "object_id": "74", "object_repr": "S", "action_flag": 1, "change_message": "[{\"added\": {}}]"}}, {"model": "admin.logentry", "pk": 330, "fields": {"action_time": "2023-06-06T17:38:10.325", "user": 1, "content_type": 11, "object_id": "75", "object_repr": "M", "action_flag": 1, "change_message": "[{\"added\": {}}]"}}, {"model": "admin.logentry", "pk": 331, "fields": {"action_time": "2023-06-06T17:38:15.216", "user": 1, "content_type": 11, "object_id": "76", "object_repr": "L", "action_flag": 1, "change_message": "[{\"added\": {}}]"}}, {"model": "admin.logentry", "pk": 332, "fields": {"action_time": "2023-06-06T17:38:19.926", "user": 1, "content_type": 11, "object_id": "77", "object_repr": "XL", "action_flag": 1, "change_message": "[{\"added\": {}}]"}}, {"model": "admin.logentry", "pk": 333, "fields": {"action_time": "2023-06-06T17:39:31.396", "user": 1, "content_type": 8, "object_id": "15", "object_repr": "조던 플라이트 에센셜", "action_flag": 1, "change_message": "[{\"added\": {}}, {\"added\": {\"name\": \"productgallery\", \"object\": \"\\uc870\\ub358 \\ud50c\\ub77c\\uc774\\ud2b8 \\uc5d0\\uc13c\\uc15c\"}}, {\"added\": {\"name\": \"productgallery\", \"object\": \"\\uc870\\ub358 \\ud50c\\ub77c\\uc774\\ud2b8 \\uc5d0\\uc13c\\uc15c\"}}, {\"added\": {\"name\": \"productgallery\", \"object\": \"\\uc870\\ub358 \\ud50c\\ub77c\\uc774\\ud2b8 \\uc5d0\\uc13c\\uc15c\"}}, {\"added\": {\"name\": \"productgallery\", \"object\": \"\\uc870\\ub358 \\ud50c\\ub77c\\uc774\\ud2b8 \\uc5d0\\uc13c\\uc15c\"}}, {\"added\": {\"name\": \"productgallery\", \"object\": \"\\uc870\\ub358 \\ud50c\\ub77c\\uc774\\ud2b8 \\uc5d0\\uc13c\\uc15c\"}}]"}}, {"model": "admin.logentry", "pk": 334, "fields": {"action_time": "2023-06-06T17:39:54.883", "user": 1, "content_type": 11, "object_id": "78", "object_repr": "민트", "action_flag": 1, "change_message": "[{\"added\": {}}]"}}, {"model": "admin.logentry", "pk": 335, "fields": {"action_time": "2023-06-06T17:40:17.647", "user": 1, "content_type": 11, "object_id": "79", "object_repr": "옐로우", "action_flag": 1, "change_message": "[{\"added\": {}}]"}}, {"model": "admin.logentry", "pk": 336, "fields": {"action_time": "2023-06-06T17:40:27.105", "user": 1, "content_type": 11, "object_id": "80", "object_repr": "S", "action_flag": 1, "change_message": "[{\"added\": {}}]"}}, {"model": "admin.logentry", "pk": 337, "fields": {"action_time": "2023-06-06T17:40:31.123", "user": 1, "content_type": 11, "object_id": "81", "object_repr": "M", "action_flag": 1, "change_message": "[{\"added\": {}}]"}}, {"model": "admin.logentry", "pk": 338, "fields": {"action_time": "2023-06-06T17:40:37.703", "user": 1, "content_type": 11, "object_id": "82", "object_repr": "L", "action_flag": 1, "change_message": "[{\"added\": {}}]"}}, {"model": "admin.logentry", "pk": 339, "fields": {"action_time": "2023-06-06T17:45:52.783", "user": 1, "content_type": 8, "object_id": "16", "object_repr": "우븐 밀리터리 셔츠", "action_flag": 1, "change_message": "[{\"added\": {}}, {\"added\": {\"name\": \"productgallery\", \"object\": \"\\uc6b0\\ube10 \\ubc00\\ub9ac\\ud130\\ub9ac \\uc154\\uce20\"}}, {\"added\": {\"name\": \"productgallery\", \"object\": \"\\uc6b0\\ube10 \\ubc00\\ub9ac\\ud130\\ub9ac \\uc154\\uce20\"}}, {\"added\": {\"name\": \"productgallery\", \"object\": \"\\uc6b0\\ube10 \\ubc00\\ub9ac\\ud130\\ub9ac \\uc154\\uce20\"}}, {\"added\": {\"name\": \"productgallery\", \"object\": \"\\uc6b0\\ube10 \\ubc00\\ub9ac\\ud130\\ub9ac \\uc154\\uce20\"}}, {\"added\": {\"name\": \"productgallery\", \"object\": \"\\uc6b0\\ube10 \\ubc00\\ub9ac\\ud130\\ub9ac \\uc154\\uce20\"}}, {\"added\": {\"name\": \"productgallery\", \"object\": \"\\uc6b0\\ube10 \\ubc00\\ub9ac\\ud130\\ub9ac \\uc154\\uce20\"}}, {\"added\": {\"name\": \"productgallery\", \"object\": \"\\uc6b0\\ube10 \\ubc00\\ub9ac\\ud130\\ub9ac \\uc154\\uce20\"}}, {\"added\": {\"name\": \"productgallery\", \"object\": \"\\uc6b0\\ube10 \\ubc00\\ub9ac\\ud130\\ub9ac \\uc154\\uce20\"}}, {\"added\": {\"name\": \"productgallery\", \"object\": \"\\uc6b0\\ube10 \\ubc00\\ub9ac\\ud130\\ub9ac \\uc154\\uce20\"}}]"}}, {"model": "admin.logentry", "pk": 340, "fields": {"action_time": "2023-06-06T17:46:03.800", "user": 1, "content_type": 11, "object_id": "83", "object_repr": "화이트", "action_flag": 1, "change_message": "[{\"added\": {}}]"}}, {"model": "admin.logentry", "pk": 341, "fields": {"action_time": "2023-06-06T17:46:12.226", "user": 1, "content_type": 11, "object_id": "84", "object_repr": "그린", "action_flag": 1, "change_message": "[{\"added\": {}}]"}}, {"model": "admin.logentry", "pk": 342, "fields": {"action_time": "2023-06-06T17:46:23.489", "user": 1, "content_type": 11, "object_id": "85", "object_repr": "Free", "action_flag": 1, "change_message": "[{\"added\": {}}]"}}, {"model": "admin.logentry", "pk": 343, "fields": {"action_time": "2023-06-06T18:05:30.163", "user": 1, "content_type": 7, "object_id": "13", "object_repr": "", "action_flag": 1, "change_message": "[{\"added\": {}}]"}}, {"model": "admin.logentry", "pk": 344, "fields": {"action_time": "2023-06-06T18:06:25.637", "user": 1, "content_type": 7, "object_id": "13", "object_repr": "", "action_flag": 3, "change_message": ""}}, {"model": "admin.logentry", "pk": 345, "fields": {"action_time": "2023-06-06T18:06:39.484", "user": 1, "content_type": 7, "object_id": "14", "object_repr": "", "action_flag": 1, "change_message": "[{\"added\": {}}]"}}, {"model": "admin.logentry", "pk": 346, "fields": {"action_time": "2023-06-06T18:07:06.183", "user": 1, "content_type": 7, "object_id": "14", "object_repr": "test1@email.com", "action_flag": 2, "change_message": "[{\"changed\": {\"fields\": [\"First name\", \"Last name\", \"Email\", \"Phone number\", \"Is active\"]}}]"}}, {"model": "admin.logentry", "pk": 347, "fields": {"action_time": "2023-06-06T18:08:33.743", "user": 1, "content_type": 7, "object_id": "14", "object_repr": "test1@email.com", "action_flag": 2, "change_message": "[{\"changed\": {\"fields\": [\"Username\"]}}]"}}, {"model": "admin.logentry", "pk": 348, "fields": {"action_time": "2023-06-06T18:09:43.695", "user": 1, "content_type": 7, "object_id": "14", "object_repr": "test1@email.com", "action_flag": 2, "change_message": "[{\"changed\": {\"fields\": [\"Is admin\", \"Is superadmin\"]}}]"}}, {"model": "admin.logentry", "pk": 349, "fields": {"action_time": "2023-06-06T18:10:06.526", "user": 1, "content_type": 16, "object_id": "6", "object_repr": "길동", "action_flag": 1, "change_message": "[{\"added\": {}}]"}}, {"model": "admin.logentry", "pk": 350, "fields": {"action_time": "2023-06-08T15:19:15.653", "user": 1, "content_type": 7, "object_id": "14", "object_repr": "test1@email.com", "action_flag": 3, "change_message": ""}}, {"model": "admin.logentry", "pk": 351, "fields": {"action_time": "2023-06-08T15:19:15.662", "user": 1, "content_type": 7, "object_id": "12", "object_repr": "bobonic@naver.com", "action_flag": 3, "change_message": ""}}, {"model": "admin.logentry", "pk": 352, "fields": {"action_time": "2023-06-08T15:19:30.001", "user": 1, "content_type": 9, "object_id": "30", "object_repr": "p8wkiuom46eo0mwk2go83cksif8hq0iq", "action_flag": 3, "change_message": ""}}, {"model": "admin.logentry", "pk": 353, "fields": {"action_time": "2023-06-08T15:19:30.010", "user": 1, "content_type": 9, "object_id": "29", "object_repr": "m9c01w7uewf4meo2r3vjjt37xim30j6s", "action_flag": 3, "change_message": ""}}, {"model": "admin.logentry", "pk": 354, "fields": {"action_time": "2023-06-08T15:19:30.023", "user": 1, "content_type": 9, "object_id": "28", "object_repr": "h1kodmcojzuv1ofwb7uzvg6ibfizizkw", "action_flag": 3, "change_message": ""}}, {"model": "admin.logentry", "pk": 355, "fields": {"action_time": "2023-06-08T15:19:44.744", "user": 1, "content_type": 14, "object_id": "14", "object_repr": "나이키 인빈서블", "action_flag": 3, "change_message": ""}}, {"model": "admin.logentry", "pk": 356, "fields": {"action_time": "2023-06-08T15:19:44.754", "user": 1, "content_type": 14, "object_id": "13", "object_repr": "나이키 인빈서블", "action_flag": 3, "change_message": ""}}, {"model": "admin.logentry", "pk": 357, "fields": {"action_time": "2023-06-08T15:19:44.765", "user": 1, "content_type": 14, "object_id": "12", "object_repr": "우븐 카고 팬츠", "action_flag": 3, "change_message": ""}}, {"model": "admin.logentry", "pk": 358, "fields": {"action_time": "2023-06-08T15:19:44.773", "user": 1, "content_type": 14, "object_id": "11", "object_repr": "나이키 스포츠웨어 에센셜", "action_flag": 3, "change_message": ""}}, {"model": "admin.logentry", "pk": 359, "fields": {"action_time": "2023-06-08T15:19:44.783", "user": 1, "content_type": 14, "object_id": "10", "object_repr": "나이키 에어포스", "action_flag": 3, "change_message": ""}}, {"model": "admin.logentry", "pk": 360, "fields": {"action_time": "2023-06-08T15:19:52.367", "user": 1, "content_type": 13, "object_id": "133", "object_repr": "wef", "action_flag": 3, "change_message": ""}}, {"model": "admin.logentry", "pk": 361, "fields": {"action_time": "2023-06-08T15:19:52.377", "user": 1, "content_type": 13, "object_id": "132", "object_repr": "asd", "action_flag": 3, "change_message": ""}}, {"model": "admin.logentry", "pk": 362, "fields": {"action_time": "2023-06-08T15:19:52.388", "user": 1, "content_type": 13, "object_id": "131", "object_repr": "123", "action_flag": 3, "change_message": ""}}, {"model": "admin.logentry", "pk": 363, "fields": {"action_time": "2023-06-08T15:19:52.397", "user": 1, "content_type": 13, "object_id": "130", "object_repr": "ㅇㄾㅍ", "action_flag": 3, "change_message": ""}}, {"model": "admin.logentry", "pk": 364, "fields": {"action_time": "2023-06-08T15:19:52.407", "user": 1, "content_type": 13, "object_id": "129", "object_repr": "asd", "action_flag": 3, "change_message": ""}}, {"model": "admin.logentry", "pk": 365, "fields": {"action_time": "2023-06-08T15:19:52.417", "user": 1, "content_type": 13, "object_id": "128", "object_repr": "dsf", "action_flag": 3, "change_message": ""}}, {"model": "admin.logentry", "pk": 366, "fields": {"action_time": "2023-06-08T15:19:52.428", "user": 1, "content_type": 13, "object_id": "127", "object_repr": "dsf", "action_flag": 3, "change_message": ""}}, {"model": "admin.logentry", "pk": 367, "fields": {"action_time": "2023-06-08T17:38:02.120", "user": 1, "content_type": 7, "object_id": "15", "object_repr": "", "action_flag": 1, "change_message": "[{\"added\": {}}]"}}, {"model": "admin.logentry", "pk": 368, "fields": {"action_time": "2023-06-08T17:38:53.147", "user": 1, "content_type": 7, "object_id": "15", "object_repr": "", "action_flag": 3, "change_message": ""}}, {"model": "admin.logentry", "pk": 369, "fields": {"action_time": "2023-06-08T17:39:27.208", "user": 1, "content_type": 7, "object_id": "16", "object_repr": "", "action_flag": 1, "change_message": "[{\"added\": {}}]"}}, {"model": "admin.logentry", "pk": 370, "fields": {"action_time": "2023-06-08T17:39:48.335", "user": 1, "content_type": 7, "object_id": "16", "object_repr": "123123@asd.com", "action_flag": 2, "change_message": "[{\"changed\": {\"fields\": [\"First name\", \"Last name\", \"Email\", \"Phone number\", \"Is active\"]}}]"}}, {"model": "admin.logentry", "pk": 371, "fields": {"action_time": "2023-06-08T17:40:33.836", "user": 1, "content_type": 15, "object_id": "3", "object_repr": "와 실물 진짜 이쁩니다.", "action_flag": 1, "change_message": "[{\"added\": {}}]"}}, {"model": "admin.logentry", "pk": 372, "fields": {"action_time": "2023-06-08T17:41:07.012", "user": 1, "content_type": 16, "object_id": "7", "object_repr": "갑수", "action_flag": 1, "change_message": "[{\"added\": {}}]"}}, {"model": "admin.logentry", "pk": 373, "fields": {"action_time": "2023-06-08T17:41:45.655", "user": 1, "content_type": 7, "object_id": "17", "object_repr": "", "action_flag": 1, "change_message": "[{\"added\": {}}]"}}, {"model": "admin.logentry", "pk": 374, "fields": {"action_time": "2023-06-08T17:42:00.251", "user": 1, "content_type": 7, "object_id": "17", "object_repr": "", "action_flag": 3, "change_message": ""}}, {"model": "admin.logentry", "pk": 375, "fields": {"action_time": "2023-06-08T17:42:13.265", "user": 1, "content_type": 7, "object_id": "18", "object_repr": "", "action_flag": 1, "change_message": "[{\"added\": {}}]"}}, {"model": "admin.logentry", "pk": 376, "fields": {"action_time": "2023-06-08T17:42:41.535", "user": 1, "content_type": 7, "object_id": "18", "object_repr": "gildong@asdasd.com", "action_flag": 2, "change_message": "[{\"changed\": {\"fields\": [\"First name\", \"Last name\", \"Email\", \"Phone number\", \"Is active\"]}}]"}}, {"model": "admin.logentry", "pk": 377, "fields": {"action_time": "2023-06-08T17:42:50.050", "user": 1, "content_type": 7, "object_id": "19", "object_repr": "", "action_flag": 1, "change_message": "[{\"added\": {}}]"}}, {"model": "admin.logentry", "pk": 378, "fields": {"action_time": "2023-06-08T17:43:03.438", "user": 1, "content_type": 7, "object_id": "19", "object_repr": "", "action_flag": 3, "change_message": ""}}, {"model": "admin.logentry", "pk": 379, "fields": {"action_time": "2023-06-08T17:43:10.384", "user": 1, "content_type": 7, "object_id": "20", "object_repr": "", "action_flag": 1, "change_message": "[{\"added\": {}}]"}}, {"model": "admin.logentry", "pk": 380, "fields": {"action_time": "2023-06-08T17:43:34.657", "user": 1, "content_type": 7, "object_id": "20", "object_repr": "asdads@asd.com", "action_flag": 2, "change_message": "[{\"changed\": {\"fields\": [\"First name\", \"Last name\", \"Email\", \"Phone number\", \"Is active\"]}}]"}}, {"model": "admin.logentry", "pk": 381, "fields": {"action_time": "2023-06-08T17:43:45.672", "user": 1, "content_type": 7, "object_id": "21", "object_repr": "", "action_flag": 1, "change_message": "[{\"added\": {}}]"}}, {"model": "admin.logentry", "pk": 382, "fields": {"action_time": "2023-06-08T17:44:03.828", "user": 1, "content_type": 7, "object_id": "21", "object_repr": "", "action_flag": 3, "change_message": ""}}, {"model": "admin.logentry", "pk": 383, "fields": {"action_time": "2023-06-08T17:44:10.393", "user": 1, "content_type": 7, "object_id": "22", "object_repr": "", "action_flag": 1, "change_message": "[{\"added\": {}}]"}}, {"model": "admin.logentry", "pk": 384, "fields": {"action_time": "2023-06-08T17:44:43.859", "user": 1, "content_type": 7, "object_id": "22", "object_repr": "asdsad@asdscsc.com", "action_flag": 2, "change_message": "[{\"changed\": {\"fields\": [\"First name\", \"Last name\", \"Email\", \"Phone number\", \"Is active\"]}}]"}}, {"model": "admin.logentry", "pk": 385, "fields": {"action_time": "2023-06-08T17:45:54.265", "user": 1, "content_type": 15, "object_id": "4", "object_repr": "배송 빨라요", "action_flag": 1, "change_message": "[{\"added\": {}}]"}}, {"model": "admin.logentry", "pk": 386, "fields": {"action_time": "2023-06-08T17:46:56.251", "user": 1, "content_type": 15, "object_id": "5", "object_repr": "착용감 생각보다 좋습니다.", "action_flag": 1, "change_message": "[{\"added\": {}}]"}}, {"model": "admin.logentry", "pk": 387, "fields": {"action_time": "2023-06-08T17:47:40.655", "user": 1, "content_type": 15, "object_id": "6", "object_repr": "어제 받았는데 실물 진짜 최고입니다.", "action_flag": 1, "change_message": "[{\"added\": {}}]"}}, {"model": "admin.logentry", "pk": 388, "fields": {"action_time": "2023-06-08T17:48:55.186", "user": 1, "content_type": 15, "object_id": "7", "object_repr": "운 좋게 구했네요", "action_flag": 1, "change_message": "[{\"added\": {}}]"}}, {"model": "admin.logentry", "pk": 389, "fields": {"action_time": "2023-06-08T17:49:30.020", "user": 1, "content_type": 15, "object_id": "8", "object_repr": "다 좋은데 배송이 너무 느려요", "action_flag": 1, "change_message": "[{\"added\": {}}]"}}, {"model": "admin.logentry", "pk": 390, "fields": {"action_time": "2023-06-08T17:50:28.070", "user": 1, "content_type": 15, "object_id": "9", "object_repr": "배송이 좀 느려요", "action_flag": 1, "change_message": "[{\"added\": {}}]"}}, {"model": "admin.logentry", "pk": 391, "fields": {"action_time": "2023-06-08T17:50:53.996", "user": 1, "content_type": 15, "object_id": "10", "object_repr": "가격 저렴해서 용서됩니다.", "action_flag": 1, "change_message": "[{\"added\": {}}]"}}, {"model": "admin.logentry", "pk": 392, "fields": {"action_time": "2023-06-08T17:51:16.039", "user": 1, "content_type": 15, "object_id": "10", "object_repr": "가격 저렴해서 용서됩니다.", "action_flag": 2, "change_message": "[]"}}, {"model": "admin.logentry", "pk": 393, "fields": {"action_time": "2023-06-08T17:52:10.480", "user": 1, "content_type": 15, "object_id": "10", "object_repr": "가격 저렴해서 용서됩니다.", "action_flag": 2, "change_message": "[{\"changed\": {\"fields\": [\"User\"]}}]"}}, {"model": "admin.logentry", "pk": 394, "fields": {"action_time": "2023-06-08T17:52:36.071", "user": 1, "content_type": 15, "object_id": "10", "object_repr": "가격 저렴해서 용서됩니다.", "action_flag": 2, "change_message": "[{\"changed\": {\"fields\": [\"Status\"]}}]"}}, {"model": "admin.logentry", "pk": 395, "fields": {"action_time": "2023-06-08T17:52:44.436", "user": 1, "content_type": 15, "object_id": "10", "object_repr": "가격 저렴해서 용서됩니다.", "action_flag": 2, "change_message": "[{\"changed\": {\"fields\": [\"Status\"]}}]"}}, {"model": "admin.logentry", "pk": 396, "fields": {"action_time": "2023-06-08T17:53:04.488", "user": 1, "content_type": 15, "object_id": "10", "object_repr": "가격 저렴해서 용서됩니다.", "action_flag": 3, "change_message": ""}}, {"model": "admin.logentry", "pk": 397, "fields": {"action_time": "2023-06-08T17:53:30.536", "user": 1, "content_type": 15, "object_id": "11", "object_repr": "가격 저렴해서 좋습니다.", "action_flag": 1, "change_message": "[{\"added\": {}}]"}}, {"model": "admin.logentry", "pk": 398, "fields": {"action_time": "2023-06-08T17:53:56.484", "user": 1, "content_type": 15, "object_id": "12", "object_repr": "ㄹ", "action_flag": 1, "change_message": "[{\"added\": {}}]"}}, {"model": "admin.logentry", "pk": 399, "fields": {"action_time": "2023-06-08T17:54:52.906", "user": 1, "content_type": 15, "object_id": "13", "object_repr": "사이즈가 좀 작아요", "action_flag": 1, "change_message": "[{\"added\": {}}]"}}, {"model": "admin.logentry", "pk": 400, "fields": {"action_time": "2023-06-08T17:55:20.996", "user": 1, "content_type": 15, "object_id": "14", "object_repr": "사이즈 좀 작은 편입니다.", "action_flag": 1, "change_message": "[{\"added\": {}}]"}}, {"model": "admin.logentry", "pk": 401, "fields": {"action_time": "2023-06-08T18:39:09.634", "user": 1, "content_type": 7, "object_id": "23", "object_repr": "bobonic@naver.com", "action_flag": 3, "change_message": ""}}, {"model": "admin.logentry", "pk": 402, "fields": {"action_time": "2023-06-08T18:40:13.985", "user": 1, "content_type": 16, "object_id": "9", "object_repr": "asdasd", "action_flag": 3, "change_message": ""}}, {"model": "admin.logentry", "pk": 403, "fields": {"action_time": "2023-06-08T18:40:21.898", "user": 1, "content_type": 7, "object_id": "24", "object_repr": "bobonic@naver.com", "action_flag": 3, "change_message": ""}}, {"model": "admin.logentry", "pk": 404, "fields": {"action_time": "2023-06-08T18:41:39.511", "user": 1, "content_type": 7, "object_id": "25", "object_repr": "bobonic@naver.com", "action_flag": 3, "change_message": ""}}, {"model": "admin.logentry", "pk": 405, "fields": {"action_time": "2023-06-08T18:48:18.522", "user": 1, "content_type": 7, "object_id": "26", "object_repr": "bobonic@naver.com", "action_flag": 3, "change_message": ""}}, {"model": "admin.logentry", "pk": 406, "fields": {"action_time": "2023-06-08T18:50:58.865", "user": 1, "content_type": 7, "object_id": "27", "object_repr": "bobonic@naver.com", "action_flag": 3, "change_message": ""}}, {"model": "admin.logentry", "pk": 407, "fields": {"action_time": "2023-06-08T18:54:01.587", "user": 1, "content_type": 7, "object_id": "28", "object_repr": "bobonic@naver.com", "action_flag": 3, "change_message": ""}}, {"model": "auth.permission", "pk": 1, "fields": {"name": "Can add log entry", "content_type": 1, "codename": "add_logentry"}}, {"model": "auth.permission", "pk": 2, "fields": {"name": "Can change log entry", "content_type": 1, "codename": "change_logentry"}}, {"model": "auth.permission", "pk": 3, "fields": {"name": "Can delete log entry", "content_type": 1, "codename": "delete_logentry"}}, {"model": "auth.permission", "pk": 4, "fields": {"name": "Can view log entry", "content_type": 1, "codename": "view_logentry"}}, {"model": "auth.permission", "pk": 5, "fields": {"name": "Can add permission", "content_type": 2, "codename": "add_permission"}}, {"model": "auth.permission", "pk": 6, "fields": {"name": "Can change permission", "content_type": 2, "codename": "change_permission"}}, {"model": "auth.permission", "pk": 7, "fields": {"name": "Can delete permission", "content_type": 2, "codename": "delete_permission"}}, {"model": "auth.permission", "pk": 8, "fields": {"name": "Can view permission", "content_type": 2, "codename": "view_permission"}}, {"model": "auth.permission", "pk": 9, "fields": {"name": "Can add group", "content_type": 3, "codename": "add_group"}}, {"model": "auth.permission", "pk": 10, "fields": {"name": "Can change group", "content_type": 3, "codename": "change_group"}}, {"model": "auth.permission", "pk": 11, "fields": {"name": "Can delete group", "content_type": 3, "codename": "delete_group"}}, {"model": "auth.permission", "pk": 12, "fields": {"name": "Can view group", "content_type": 3, "codename": "view_group"}}, {"model": "auth.permission", "pk": 13, "fields": {"name": "Can add content type", "content_type": 4, "codename": "add_contenttype"}}, {"model": "auth.permission", "pk": 14, "fields": {"name": "Can change content type", "content_type": 4, "codename": "change_contenttype"}}, {"model": "auth.permission", "pk": 15, "fields": {"name": "Can delete content type", "content_type": 4, "codename": "delete_contenttype"}}, {"model": "auth.permission", "pk": 16, "fields": {"name": "Can view content type", "content_type": 4, "codename": "view_contenttype"}}, {"model": "auth.permission", "pk": 17, "fields": {"name": "Can add session", "content_type": 5, "codename": "add_session"}}, {"model": "auth.permission", "pk": 18, "fields": {"name": "Can change session", "content_type": 5, "codename": "change_session"}}, {"model": "auth.permission", "pk": 19, "fields": {"name": "Can delete session", "content_type": 5, "codename": "delete_session"}}, {"model": "auth.permission", "pk": 20, "fields": {"name": "Can view session", "content_type": 5, "codename": "view_session"}}, {"model": "auth.permission", "pk": 21, "fields": {"name": "Can add category", "content_type": 6, "codename": "add_category"}}, {"model": "auth.permission", "pk": 22, "fields": {"name": "Can change category", "content_type": 6, "codename": "change_category"}}, {"model": "auth.permission", "pk": 23, "fields": {"name": "Can delete category", "content_type": 6, "codename": "delete_category"}}, {"model": "auth.permission", "pk": 24, "fields": {"name": "Can view category", "content_type": 6, "codename": "view_category"}}, {"model": "auth.permission", "pk": 25, "fields": {"name": "Can add account", "content_type": 7, "codename": "add_account"}}, {"model": "auth.permission", "pk": 26, "fields": {"name": "Can change account", "content_type": 7, "codename": "change_account"}}, {"model": "auth.permission", "pk": 27, "fields": {"name": "Can delete account", "content_type": 7, "codename": "delete_account"}}, {"model": "auth.permission", "pk": 28, "fields": {"name": "Can view account", "content_type": 7, "codename": "view_account"}}, {"model": "auth.permission", "pk": 29, "fields": {"name": "Can add product", "content_type": 8, "codename": "add_product"}}, {"model": "auth.permission", "pk": 30, "fields": {"name": "Can change product", "content_type": 8, "codename": "change_product"}}, {"model": "auth.permission", "pk": 31, "fields": {"name": "Can delete product", "content_type": 8, "codename": "delete_product"}}, {"model": "auth.permission", "pk": 32, "fields": {"name": "Can view product", "content_type": 8, "codename": "view_product"}}, {"model": "auth.permission", "pk": 33, "fields": {"name": "Can add cart", "content_type": 9, "codename": "add_cart"}}, {"model": "auth.permission", "pk": 34, "fields": {"name": "Can change cart", "content_type": 9, "codename": "change_cart"}}, {"model": "auth.permission", "pk": 35, "fields": {"name": "Can delete cart", "content_type": 9, "codename": "delete_cart"}}, {"model": "auth.permission", "pk": 36, "fields": {"name": "Can view cart", "content_type": 9, "codename": "view_cart"}}, {"model": "auth.permission", "pk": 37, "fields": {"name": "Can add cart item", "content_type": 10, "codename": "add_cartitem"}}, {"model": "auth.permission", "pk": 38, "fields": {"name": "Can change cart item", "content_type": 10, "codename": "change_cartitem"}}, {"model": "auth.permission", "pk": 39, "fields": {"name": "Can delete cart item", "content_type": 10, "codename": "delete_cartitem"}}, {"model": "auth.permission", "pk": 40, "fields": {"name": "Can view cart item", "content_type": 10, "codename": "view_cartitem"}}, {"model": "auth.permission", "pk": 41, "fields": {"name": "Can add variation", "content_type": 11, "codename": "add_variation"}}, {"model": "auth.permission", "pk": 42, "fields": {"name": "Can change variation", "content_type": 11, "codename": "change_variation"}}, {"model": "auth.permission", "pk": 43, "fields": {"name": "Can delete variation", "content_type": 11, "codename": "delete_variation"}}, {"model": "auth.permission", "pk": 44, "fields": {"name": "Can view variation", "content_type": 11, "codename": "view_variation"}}, {"model": "auth.permission", "pk": 45, "fields": {"name": "Can add payment", "content_type": 12, "codename": "add_payment"}}, {"model": "auth.permission", "pk": 46, "fields": {"name": "Can change payment", "content_type": 12, "codename": "change_payment"}}, {"model": "auth.permission", "pk": 47, "fields": {"name": "Can delete payment", "content_type": 12, "codename": "delete_payment"}}, {"model": "auth.permission", "pk": 48, "fields": {"name": "Can view payment", "content_type": 12, "codename": "view_payment"}}, {"model": "auth.permission", "pk": 49, "fields": {"name": "Can add order", "content_type": 13, "codename": "add_order"}}, {"model": "auth.permission", "pk": 50, "fields": {"name": "Can change order", "content_type": 13, "codename": "change_order"}}, {"model": "auth.permission", "pk": 51, "fields": {"name": "Can delete order", "content_type": 13, "codename": "delete_order"}}, {"model": "auth.permission", "pk": 52, "fields": {"name": "Can view order", "content_type": 13, "codename": "view_order"}}, {"model": "auth.permission", "pk": 53, "fields": {"name": "Can add order product", "content_type": 14, "codename": "add_orderproduct"}}, {"model": "auth.permission", "pk": 54, "fields": {"name": "Can change order product", "content_type": 14, "codename": "change_orderproduct"}}, {"model": "auth.permission", "pk": 55, "fields": {"name": "Can delete order product", "content_type": 14, "codename": "delete_orderproduct"}}, {"model": "auth.permission", "pk": 56, "fields": {"name": "Can view order product", "content_type": 14, "codename": "view_orderproduct"}}, {"model": "auth.permission", "pk": 57, "fields": {"name": "Can add review rating", "content_type": 15, "codename": "add_reviewrating"}}, {"model": "auth.permission", "pk": 58, "fields": {"name": "Can change review rating", "content_type": 15, "codename": "change_reviewrating"}}, {"model": "auth.permission", "pk": 59, "fields": {"name": "Can delete review rating", "content_type": 15, "codename": "delete_reviewrating"}}, {"model": "auth.permission", "pk": 60, "fields": {"name": "Can view review rating", "content_type": 15, "codename": "view_reviewrating"}}, {"model": "auth.permission", "pk": 61, "fields": {"name": "Can add user profile", "content_type": 16, "codename": "add_userprofile"}}, {"model": "auth.permission", "pk": 62, "fields": {"name": "Can change user profile", "content_type": 16, "codename": "change_userprofile"}}, {"model": "auth.permission", "pk": 63, "fields": {"name": "Can delete user profile", "content_type": 16, "codename": "delete_userprofile"}}, {"model": "auth.permission", "pk": 64, "fields": {"name": "Can view user profile", "content_type": 16, "codename": "view_userprofile"}}, {"model": "auth.permission", "pk": 65, "fields": {"name": "Can add productgallery", "content_type": 17, "codename": "add_productgallery"}}, {"model": "auth.permission", "pk": 66, "fields": {"name": "Can change productgallery", "content_type": 17, "codename": "change_productgallery"}}, {"model": "auth.permission", "pk": 67, "fields": {"name": "Can delete productgallery", "content_type": 17, "codename": "delete_productgallery"}}, {"model": "auth.permission", "pk": 68, "fields": {"name": "Can view productgallery", "content_type": 17, "codename": "view_productgallery"}}, {"model": "auth.permission", "pk": 69, "fields": {"name": "Can add login attempt", "content_type": 18, "codename": "add_loginattempt"}}, {"model": "auth.permission", "pk": 70, "fields": {"name": "Can change login attempt", "content_type": 18, "codename": "change_loginattempt"}}, {"model": "auth.permission", "pk": 71, "fields": {"name": "Can delete login attempt", "content_type": 18, "codename": "delete_loginattempt"}}, {"model": "auth.permission", "pk": 72, "fields": {"name": "Can view login attempt", "content_type": 18, "codename": "view_loginattempt"}}, {"model": "contenttypes.contenttype", "pk": 1, "fields": {"app_label": "admin", "model": "logentry"}}, {"model": "contenttypes.contenttype", "pk": 2, "fields": {"app_label": "auth", "model": "permission"}}, {"model": "contenttypes.contenttype", "pk": 3, "fields": {"app_label": "auth", "model": "group"}}, {"model": "contenttypes.contenttype", "pk": 4, "fields": {"app_label": "contenttypes", "model": "contenttype"}}, {"model": "contenttypes.contenttype", "pk": 5, "fields": {"app_label": "sessions", "model": "session"}}, {"model": "contenttypes.contenttype", "pk": 6, "fields": {"app_label": "category", "model": "category"}}, {"model": "contenttypes.contenttype", "pk": 7, "fields": {"app_label": "accounts", "model": "account"}}, {"model": "contenttypes.contenttype", "pk": 8, "fields": {"app_label": "store", "model": "product"}}, {"model": "contenttypes.contenttype", "pk": 9, "fields": {"app_label": "carts", "model": "cart"}}, {"model": "contenttypes.contenttype", "pk": 10, "fields": {"app_label": "carts", "model": "cartitem"}}, {"model": "contenttypes.contenttype", "pk": 11, "fields": {"app_label": "store", "model": "variation"}}, {"model": "contenttypes.contenttype", "pk": 12, "fields": {"app_label": "orders", "model": "payment"}}, {"model": "contenttypes.contenttype", "pk": 13, "fields": {"app_label": "orders", "model": "order"}}, {"model": "contenttypes.contenttype", "pk": 14, "fields": {"app_label": "orders", "model": "orderproduct"}}, {"model": "contenttypes.contenttype", "pk": 15, "fields": {"app_label": "store", "model": "reviewrating"}}, {"model": "contenttypes.contenttype", "pk": 16, "fields": {"app_label": "accounts", "model": "userprofile"}}, {"model": "contenttypes.contenttype", "pk": 17, "fields": {"app_label": "store", "model": "productgallery"}}, {"model": "contenttypes.contenttype", "pk": 18, "fields": {"app_label": "admin_honeypot", "model": "loginattempt"}}, {"model": "sessions.session", "pk": "1d04vm2wbmicj3590br5nx55qjc88r7p", "fields": {"session_data": ".eJxtkEFrxCAQhf-LZwlx1DXusfe99VaKjHFM0g2xRPewlP73agnsFnoZhve9eTzmizm8ldndMu1uCezMBOPPmsfxSlsD4QO3KXVj2sq--K5ZuoPm7pICrS-H90_AjHmu1xaNigPosUeDg41WKglWByBprLdBCKkHbZWCoGMAUOQN4KCEVF6DjzU0LmuhnYL7vLp1yYWd3zRXXHLg4p2zEQtNab8_4UONTc2U85K2Vio80PQPYnfKrPLy-49XZaJF6U9A2Huk_tRjLVMoF9dGtTz27x-Evm9l:1q6tOp:_HzApYjnuxPswyC5bznY2I5csJFQTda5uPXW0kqn2WI", "expire_date": "2023-06-07T13:40:41.730"}}, {"model": "sessions.session", "pk": "1zi6i9vdn4g4ybqnf218hcammn1r4wtz", "fields": {"session_data": ".eJxVjEEOwiAQRe_C2hAZhsC4dO8ZmqEDUjWQlHbVeHdt0oVu_3vvb2rgdSnD2tM8TKIuyqjT7xZ5fKa6A3lwvTc9trrMU9S7og_a9a1Jel0P9--gcC_fmthjDuDGM3sOlMmiBXICyXqKJMZYFxwhgrgsAJiiBw5oLEYHMav3B8DaNvU:1pzfv9:buem8eR1I8KiRsK4b4Kow4fy0tsZnrxBTe4_8E1l8zw", "expire_date": "2023-06-01T15:52:03.069"}}, {"model": "sessions.session", "pk": "3nxxoji3jhy20ehn7lqha307xly86l6s", "fields": {"session_data": "e30:1q2VQc:Cksnnl_ZxF4VRVWuIWOYEM4WtifQno2Zejh7I4FJ0J0", "expire_date": "2023-06-09T11:16:14.338"}}, {"model": "sessions.session", "pk": "4uki64bn0t63l0a29rbctutbejoc7qi0", "fields": {"session_data": "e30:1q0Bu5:tMAUQF4oHp2H-6oa3y4Mi89N2x5HboRBKhHj2JOEM2E", "expire_date": "2023-06-03T02:01:05.529"}}, {"model": "sessions.session", "pk": "777exjs4vcb69lqk484rbdzkb6o5z9wc", "fields": {"session_data": "eyJjYXRlZ29yeV9uYW1lIjoicGFudHMifQ:1q7LKO:wbeN9bpcoD-SM-ZTJEGDCZVHg9iAf4RE_-AwOHQsNLk", "expire_date": "2023-06-08T20:29:48.914"}}, {"model": "sessions.session", "pk": "9cw7q0fns5bh69ng1z96eptbjt8fp1j3", "fields": {"session_data": "e30:1q79wA:l6g4mKTa84wCzbP3L9c0RkFv-QxuBGH9BYoGqnlXcHc", "expire_date": "2023-06-08T08:20:02.829"}}, {"model": "sessions.session", "pk": "c4fwtu7xgcdu8jh2zvexg8nmpsixtp6v", "fields": {"session_data": "e30:1q7I9q:08PDLjZYpL6esqI6c-KV-Atj9c2bQEjkMAt93fiA8yg", "expire_date": "2023-06-08T17:06:42.270"}}, {"model": "sessions.session", "pk": "e1cow63lfas8bo34es7uh639hw5xe9cm", "fields": {"session_data": ".eJxVjEEOwiAURO_C2hD4QAGX7nsGAvyPVA1NSrsy3t026UJ3k3lv5s1C3NYatk5LmJBdmWWX3y7F_KR2AHzEdp95ntu6TIkfCj9p5-OM9Lqd7t9Bjb3u66xkIjOYwYEBAHSaDKCyxWdtRLbCC0nOG0HFSwQttRKyZOkjqj1Z9vkCuXE2fg:1q1iLg:eDgGJTqOSEVkluRebt7jQhzziJ3TEAOfjNaNoSq9mrA", "expire_date": "2023-06-07T06:51:52.027"}}, {"model": "sessions.session", "pk": "fx1sntkxer04fljv0pqesrbpuiaey4uv", "fields": {"session_data": ".eJxVjEEOwiAURO_C2hD4QAGX7nsGAvyPVA1NSrsy3t026UJ3k3lv5s1C3NYatk5LmJBdmWWX3y7F_KR2AHzEdp95ntu6TIkfCj9p5-OM9Lqd7t9Bjb3u66xkIjOYwYEBAHSaDKCyxWdtRLbCC0nOG0HFSwQttRKyZOkjqj1Z9vkCuXE2fg:1q2rmv:Mu7YuVKLzxUjWIbnRFUG7R7lttAuJ5NIpq3dtt79hlA", "expire_date": "2023-06-10T11:08:45.649"}}, {"model": "sessions.session", "pk": "g040tc6u249emtluvl9ldq0rmgxhqfk6", "fields": {"session_data": ".eJxVjEEOwiAQRe_C2hAZhsC4dO8ZmqEDUjWQlHbVeHdt0oVu_3vvb2rgdSnD2tM8TKIuyqjT7xZ5fKa6A3lwvTc9trrMU9S7og_a9a1Jel0P9--gcC_fmthjDuDGM3sOlMmiBXICyXqKJMZYFxwhgrgsAJiiBw5oLEYHMav3B8DaNvU:1q7LAF:HwgBDO8iZGdPLzrJmGZBTv9ZmNkYtzJYsajXYkQtsAI", "expire_date": "2023-06-08T20:19:19.595"}}, {"model": "sessions.session", "pk": "ism7sjnq6qw48ijjxmke7s4afc9viqla", "fields": {"session_data": "e30:1q6tPj:bE9MnDzcvv8sdn7JQ-ypuGMnCQUnuBx7axl5ew5vCbc", "expire_date": "2023-06-07T13:41:37.819"}}, {"model": "sessions.session", "pk": "mjxm57jtwsmw4i3l4suic73zvw2n2rvg", "fields": {"session_data": "e30:1q77mv:6NHo3CCV4cGYcBeOZ6rgIDJ6czm_9XhVl7WbURhnoV0", "expire_date": "2023-06-08T06:02:21.647"}}, {"model": "sessions.session", "pk": "q40gocb3vb5fppm2xjsctnjk2xkqjm6m", "fields": {"session_data": "e30:1q12AO:83h7hx4vBiAxxu79Dv5kVVSt8vNPp1vqElxCisnKdUA", "expire_date": "2023-06-05T09:49:24.066"}}, {"model": "sessions.session", "pk": "rkitx7zexcva8e1fr2g0q36jp6ldckzo", "fields": {"session_data": ".eJxVjs0OgyAQhN-Fc0MQNK499t5nIAu7qP0BI3homr57JfHQXme--TJvYXErk90yr3YmcRbaiNNv6NDfOdaGbhjHJH2KZZ2drIg82iyvifhxOdg_wYR52tdNg84E73DwjgnYtKpXXUstqI6N0dADDBg0QVBdQ0q7QD15QtB1UV95LDym9WUjPnlXLhhLFp8v1KlBMg:1q7LSh:FMBn8HvBeGkLaYQyCL_EKEznQFE8Fa9R-Av56XNAPOI", "expire_date": "2023-06-08T20:38:23.235"}}, {"model": "sessions.session", "pk": "tdyedtrsqaq1qmtr26igo2uw1b9rvy9r", "fields": {"session_data": ".eJxVjEEOwiAQRe_C2hAZhsC4dO8ZmqEDUjWQlHbVeHdt0oVu_3vvb2rgdSnD2tM8TKIuyqjT7xZ5fKa6A3lwvTc9trrMU9S7og_a9a1Jel0P9--gcC_fmthjDuDGM3sOlMmiBXICyXqKJMZYFxwhgrgsAJiiBw5oLEYHMav3B8DaNvU:1q3v46:1kWLHqvK1BCORqggxsWG5nLWOmrPicST8RJ-mXL0okY", "expire_date": "2023-06-13T08:50:50.575"}}, {"model": "sessions.session", "pk": "u4hw8mjjoemce1ddsw5btx91jkrs0ko2", "fields": {"session_data": ".eJxVjEEOwiAQRe_C2hAZhsC4dO8ZmqEDUjWQlHbVeHdt0oVu_3vvb2rgdSnD2tM8TKIuyqjT7xZ5fKa6A3lwvTc9trrMU9S7og_a9a1Jel0P9--gcC_fmthjDuDGM3sOlMmiBXICyXqKJMZYFxwhgrgsAJiiBw5oLEYHMav3B8DaNvU:1pyNDk:6DyhxIKd2hhw8x5a04QyCBx7vRTllNx1GXzJBE5NSuc", "expire_date": "2023-05-29T01:41:52.106"}}, {"model": "sessions.session", "pk": "vg0e9k8qf0tecefm9f56q8n3fq0vnaog", "fields": {"session_data": "e30:1q4hqJ:V0_I_2893gDR0P0WE-oS0yMKZUqCKMNCq0Ge81JFmeQ", "expire_date": "2023-06-15T12:55:51.123"}}, {"model": "category.category", "pk": 1, "fields": {"category_name": "Shirts", "slug": "shirts", "description": "", "cat_image": "photos/categories/shirts.jpg"}}, {"model": "category.category", "pk": 2, "fields": {"category_name": "Jackets", "slug": "jackets", "description": "", "cat_image": "photos/categories/jackets.jpg"}}, {"model": "category.category", "pk": 3, "fields": {"category_name": "Shoes", "slug": "shoes", "description": "", "cat_image": "photos/categories/shoes.png"}}, {"model": "category.category", "pk": 4, "fields": {"category_name": "T Shirts", "slug": "t-shirts", "description": "", "cat_image": "photos/categories/shirts_1gs3OVs.jpg"}}, {"model": "category.category", "pk": 6, "fields": {"category_name": "Pants", "slug": "pants", "description": "", "cat_image": "photos/categories/jeans_oc3LPTi.jpg"}}, {"model": "accounts.account", "pk": 1, "fields": {"password": "pbkdf2_sha256$600000$CnF3kImlmtbFs00U95DQKy$au8i/jwVtiBliw3mn/AuYOavW/Kij3OgS40ljZm2sio=", "first_name": "test", "last_name": "test", "username": "test", "email": "test@naver.com", "phone_number": "+821012341234", "date_joined": "2023-05-14T02:19:25.022", "last_login": "2023-06-08T19:19:19.559", "is_admin": true, "is_staff": true, "is_active": true, "is_superadmin": true}}, {"model": "accounts.account", "pk": 16, "fields": {"password": "pbkdf2_sha256$600000$GqGA3WEXfJf3dYqaJMyUAb$6pblm1juBCHkr2nb01lhFw5J1vLmTa6lUU/VgdUe+Q4=", "first_name": "갑수", "last_name": "김", "username": "김갑수", "email": "123123@asd.com", "phone_number": "+821012121212", "date_joined": "2023-06-08T17:39:27.205", "last_login": "2023-06-08T17:39:27.205", "is_admin": false, "is_staff": false, "is_active": true, "is_superadmin": false}}, {"model": "accounts.account", "pk": 18, "fields": {"password": "pbkdf2_sha256$600000$wa2RSnDQ5GC2L3q0ICfSdv$6J8M+6AJUhyDBE4+ozXFYPuW8FFtlWVe8L0VolF2c7o=", "first_name": "길동", "last_name": "홍", "username": "qweqwe", "email": "gildong@asdasd.com", "phone_number": "+821012121212", "date_joined": "2023-06-08T17:42:13.262", "last_login": "2023-06-08T17:42:13.262", "is_admin": false, "is_staff": false, "is_active": true, "is_superadmin": false}}, {"model": "accounts.account", "pk": 20, "fields": {"password": "pbkdf2_sha256$600000$w8uSo1gc5EhpsE7QJbD9ir$yR7bPicuw020xJame604T6f2q/R5TsrjaChvNHM4uOw=", "first_name": "lolopopo", "last_name": "qwqw", "username": "asdasd", "email": "asdads@asd.com", "phone_number": "+821012121212", "date_joined": "2023-06-08T17:43:10.381", "last_login": "2023-06-08T17:43:10.381", "is_admin": false, "is_staff": false, "is_active": true, "is_superadmin": false}}, {"model": "accounts.account", "pk": 22, "fields": {"password": "pbkdf2_sha256$600000$eAUGA2LRdybYGmLK1T4ebb$ZFCG/X5zWRpN4SstNUiHtPNOe7Te/ovuyCtm73KbT7k=", "first_name": "xcccxxzz232", "last_name": "qqq", "username": "asdasdw", "email": "asdsad@asdscsc.com", "phone_number": "+821012121212", "date_joined": "2023-06-08T17:44:10.389", "last_login": "2023-06-08T17:44:10.389", "is_admin": false, "is_staff": false, "is_active": true, "is_superadmin": false}}, {"model": "accounts.account", "pk": 29, "fields": {"password": "pbkdf2_sha256$600000$ayJOaCeoCCmXijGodR8It5$/6cfAvWknxXc/2Rb4TEvIbYxzH6RvddXSpPu1R8uXdo=", "first_name": "asd", "last_name": "asd", "username": "bobonic", "email": "bobonic@naver.com", "phone_number": "+821012121212", "date_joined": "2023-06-08T18:54:36.065", "last_login": "2023-06-08T18:54:36.065", "is_admin": false, "is_staff": false, "is_active": false, "is_superadmin": false}}, {"model": "accounts.account", "pk": 30, "fields": {"password": "pbkdf2_sha256$600000$kDJUKdgT8LWSnkudpYsqGK$UDT4HAOzueVMK0paCOnzkpoxxQy2XLMz39/LC2oLqUk=", "first_name": "asd", "last_name": "asd", "username": "yohan032yohan", "email": "yohan032yohan@gmail.com", "phone_number": "+821012121212", "date_joined": "2023-06-08T18:55:26.868", "last_login": "2023-06-08T18:55:26.868", "is_admin": false, "is_staff": false, "is_active": true, "is_superadmin": false}}, {"model": "accounts.userprofile", "pk": 1, "fields": {"user": 1, "address_line_1": "test address", "address_line_2": "test address", "profile_picture": "userprofile/US-Polo-Assn_Jacket.jpg", "city": "test address", "state": "test address", "country": "test address"}}, {"model": "accounts.userprofile", "pk": 7, "fields": {"user": 16, "address_line_1": "", "address_line_2": "", "profile_picture": "userprofile/96039535-4f5b-44a5-955a-62c25be3027d.webp", "city": "", "state": "", "country": ""}}, {"model": "accounts.userprofile", "pk": 14, "fields": {"user": 29, "address_line_1": "", "address_line_2": "", "profile_picture": "default/avatar.webp", "city": "", "state": "", "country": ""}}, {"model": "accounts.userprofile", "pk": 15, "fields": {"user": 30, "address_line_1": "", "address_line_2": "", "profile_picture": "default/avatar.webp", "city": "", "state": "", "country": ""}}, {"model": "store.product", "pk": 2, "fields": {"product_name": "티셔츠", "slug": "티셔츠", "description": "What is Lorem Ipsum?\r\nLorem Ipsum is simply dummy text of the printing and typesetting industry. Lorem Ipsum has been the industry's standard dummy text ever since the 1500s, when an unknown printer took a galley of type and scrambled it to make a type specimen book. It has survived not only five centuries, but also the leap into electronic typesetting, remaining essentially unchanged. It was popularised in the 1960s with the release of Letraset sheets containing Lorem", "price": 50000, "images": "photos/products/Great-Tshirt.jpg", "stock": 0, "is_available": true, "category": 4, "created_date": "2023-05-15T02:51:12.040", "modified_date": "2023-05-15T21:42:03.445"}}, {"model": "store.product", "pk": 7, "fields": {"product_name": "나이키 인빈서블", "slug": "나이키-인빈서블", "description": "What is Lorem Ipsum?\r\nLorem Ipsum is simply dummy text of the printing and typesetting industry. Lorem Ipsum has been the industry's standard dummy text ever since the 1500s, when an unknown printer took a galley of type and scrambled it to make a type specimen book. It has survived not only five centuries, but also the leap into electronic typesetting, remaining essentially unchanged. It was popularised in the 1960s with the release of Letraset sheets containing Lorem Ipsum passages,", "price": 209000, "images": "photos/products/4fdb9b8c-2fb2-4ae6-9500-1673e2e5e01b_hB9oSc8.webp", "stock": 198, "is_available": true, "category": 3, "created_date": "2023-06-06T17:11:19.360", "modified_date": "2023-06-06T20:42:54.789"}}, {"model": "store.product", "pk": 8, "fields": {"product_name": "나이키 에어포스", "slug": "나이키-에어포스", "description": "What is Lorem Ipsum?\r\nLorem Ipsum is simply dummy text of the printing and typesetting industry. Lorem Ipsum has been the industry's standard dummy text ever since the 1500s, when an unknown printer took a galley of type and scrambled it to make a type specimen book. It has survived not only five centuries, but also the leap into electronic typesetting, remaining essentially unchanged. It was popularised in the 1960s with the release of Letraset sheets containing Lorem Ipsum", "price": 120000, "images": "photos/products/a0a300da-2e16-4483-ba64-9815cf0598ac.webp", "stock": 99, "is_available": true, "category": 3, "created_date": "2023-06-06T17:16:52.328", "modified_date": "2023-06-06T18:59:05.411"}}, {"model": "store.product", "pk": 9, "fields": {"product_name": "나이키 스포츠웨어 에센셜", "slug": "나이키-스포츠웨어-에센셜", "description": "Why do we use it?\r\nIt is a long established fact that a reader will be distracted by the readable content of a page when looking at its layout. The point of using Lorem Ipsum is that it has a more-or-less normal distribution of letters, as opposed to using 'Content here, content here', making it look like readable English. Many desktop publishing packages", "price": 59000, "images": "photos/products/00a30866-ca18-4cad-86a0-02c7c51c9ab6.webp", "stock": 99, "is_available": true, "category": 6, "created_date": "2023-06-06T17:21:06.368", "modified_date": "2023-06-06T18:59:05.455"}}, {"model": "store.product", "pk": 10, "fields": {"product_name": "우븐 카고 팬츠", "slug": "우븐-카고-팬츠", "description": "Why do we use it?\r\nIt is a long established fact that a reader will be distracted by the readable content of a page when looking at its layout. The point of using Lorem Ipsum is that it has a more-or-less normal distribution of letters, as opposed to using 'Content here, content here', making it look like readable English. Many desktop publishing packages", "price": 79000, "images": "photos/products/f462c38e-d1b7-4df9-bdf9-df209406a004.webp", "stock": 19, "is_available": true, "category": 6, "created_date": "2023-06-06T17:24:42.024", "modified_date": "2023-06-06T18:59:05.504"}}, {"model": "store.product", "pk": 11, "fields": {"product_name": "SB 자켓", "slug": "sb-자켓", "description": "Why do we use it?\r\nIt is a long established fact that a reader will be distracted by the readable content of a page when looking at its layout. The point of using Lorem Ipsum is that it has a more-or-less normal distribution of letters, as opposed to using 'Content here, content here', making it look like readable English. Many desktop publishing packages", "price": 189000, "images": "photos/products/c60fabdb-2fa5-45e4-8210-f9b337ce1593.webp", "stock": 100, "is_available": true, "category": 2, "created_date": "2023-06-06T17:29:25.605", "modified_date": "2023-06-06T17:29:25.605"}}, {"model": "store.product", "pk": 12, "fields": {"product_name": "윈드러너", "slug": "윈드러너", "description": "Why do we use it?\r\nIt is a long established fact that a reader will be distracted by the readable content of a page when looking at its layout. The point of using Lorem Ipsum is that it has a more-or-less normal distribution of letters, as opposed to using 'Content here, content here', making it look like readable English. Many desktop publishing packages", "price": 69000, "images": "photos/products/f82c1f27-068a-4117-8c23-e148879a5a71.webp", "stock": 90, "is_available": true, "category": 2, "created_date": "2023-06-06T17:32:42.133", "modified_date": "2023-06-06T17:32:42.133"}}, {"model": "store.product", "pk": 13, "fields": {"product_name": "드라이핏", "slug": "드라이핏", "description": "Why do we use it?\r\nIt is a long established fact that a reader will be distracted by the readable content of a page when looking at its layout. The point of using Lorem Ipsum is that it has a more-or-less normal distribution of letters, as opposed to using 'Content here, content here', making it look like readable English. Many desktop publishing packages", "price": 49000, "images": "photos/products/a719ac38-a2f8-47e7-8f32-45cb9f6333de.webp", "stock": 90, "is_available": true, "category": 4, "created_date": "2023-06-06T17:35:37.290", "modified_date": "2023-06-06T17:35:37.290"}}, {"model": "store.product", "pk": 14, "fields": {"product_name": "조던 드라이핏", "slug": "조던-드라이핏", "description": "Why do we use it?\r\nIt is a long established fact that a reader will be distracted by the readable content of a page when looking at its layout. The point of using Lorem Ipsum is that it has a more-or-less normal distribution of letters, as opposed to using 'Content here, content here', making it look like readable English. Many desktop publishing packages", "price": 29000, "images": "photos/products/0f520f32-06c4-48b1-8066-2fa2eb378478.webp", "stock": 90, "is_available": true, "category": 4, "created_date": "2023-06-06T17:37:39.096", "modified_date": "2023-06-06T17:37:39.096"}}, {"model": "store.product", "pk": 15, "fields": {"product_name": "조던 플라이트 에센셜", "slug": "조던-플라이트-에센셜", "description": "Why do we use it?\r\nIt is a long established fact that a reader will be distracted by the readable content of a page when looking at its layout. The point of using Lorem Ipsum is that it has a more-or-less normal distribution of letters, as opposed to using 'Content here, content here', making it look like readable English. Many desktop publishing packages", "price": 42000, "images": "photos/products/9e5891ae-c116-44a2-b348-e9bb35d7a16d.webp", "stock": 90, "is_available": true, "category": 4, "created_date": "2023-06-06T17:39:31.383", "modified_date": "2023-06-06T17:39:31.383"}}, {"model": "store.product", "pk": 16, "fields": {"product_name": "우븐 밀리터리 셔츠", "slug": "우븐-밀리터리-셔츠", "description": "Why do we use it?\r\nIt is a long established fact that a reader will be distracted by the readable content of a page when looking at its layout. The point of using Lorem Ipsum is that it has a more-or-less normal distribution of letters, as opposed to using 'Content here, content here', making it look like readable English. Many desktop publishing packages", "price": 45000, "images": "photos/products/063e4bee-91a4-4d74-8fef-5a763ae77fee.webp", "stock": 20, "is_available": true, "category": 1, "created_date": "2023-06-06T17:45:52.765", "modified_date": "2023-06-06T17:45:52.765"}}, {"model": "store.variation", "pk": 19, "fields": {"product": 2, "variation_category": "color", "variation_value": "white", "is_active": true, "created_date": "2023-06-03T18:44:25.113"}}, {"model": "store.variation", "pk": 20, "fields": {"product": 2, "variation_category": "size", "variation_value": "One_size", "is_active": true, "created_date": "2023-06-03T18:44:36.387"}}, {"model": "store.variation", "pk": 26, "fields": {"product": 7, "variation_category": "color", "variation_value": "화이트", "is_active": true, "created_date": "2023-06-06T17:11:51.798"}}, {"model": "store.variation", "pk": 27, "fields": {"product": 7, "variation_category": "color", "variation_value": "블랙", "is_active": true, "created_date": "2023-06-06T17:12:00.153"}}, {"model": "store.variation", "pk": 28, "fields": {"product": 7, "variation_category": "size", "variation_value": "240", "is_active": true, "created_date": "2023-06-06T17:12:06.635"}}, {"model": "store.variation", "pk": 29, "fields": {"product": 7, "variation_category": "size", "variation_value": "250", "is_active": true, "created_date": "2023-06-06T17:12:12.024"}}, {"model": "store.variation", "pk": 30, "fields": {"product": 7, "variation_category": "size", "variation_value": "260", "is_active": true, "created_date": "2023-06-06T17:12:17.421"}}, {"model": "store.variation", "pk": 31, "fields": {"product": 7, "variation_category": "size", "variation_value": "270", "is_active": true, "created_date": "2023-06-06T17:12:22.189"}}, {"model": "store.variation", "pk": 32, "fields": {"product": 7, "variation_category": "size", "variation_value": "280", "is_active": true, "created_date": "2023-06-06T17:12:26.777"}}, {"model": "store.variation", "pk": 33, "fields": {"product": 8, "variation_category": "color", "variation_value": "화이트", "is_active": true, "created_date": "2023-06-06T17:17:10.346"}}, {"model": "store.variation", "pk": 34, "fields": {"product": 8, "variation_category": "size", "variation_value": "240", "is_active": true, "created_date": "2023-06-06T17:17:17.627"}}, {"model": "store.variation", "pk": 35, "fields": {"product": 8, "variation_category": "size", "variation_value": "250", "is_active": true, "created_date": "2023-06-06T17:17:23.270"}}, {"model": "store.variation", "pk": 36, "fields": {"product": 8, "variation_category": "size", "variation_value": "260", "is_active": true, "created_date": "2023-06-06T17:17:27.705"}}, {"model": "store.variation", "pk": 37, "fields": {"product": 8, "variation_category": "size", "variation_value": "270", "is_active": true, "created_date": "2023-06-06T17:17:32.117"}}, {"model": "store.variation", "pk": 38, "fields": {"product": 8, "variation_category": "size", "variation_value": "280", "is_active": true, "created_date": "2023-06-06T17:17:38.637"}}, {"model": "store.variation", "pk": 39, "fields": {"product": 9, "variation_category": "color", "variation_value": "오렌지", "is_active": true, "created_date": "2023-06-06T17:21:33.009"}}, {"model": "store.variation", "pk": 40, "fields": {"product": 9, "variation_category": "color", "variation_value": "베이지", "is_active": true, "created_date": "2023-06-06T17:21:39.634"}}, {"model": "store.variation", "pk": 41, "fields": {"product": 9, "variation_category": "color", "variation_value": "블랙", "is_active": true, "created_date": "2023-06-06T17:21:50.411"}}, {"model": "store.variation", "pk": 42, "fields": {"product": 9, "variation_category": "size", "variation_value": "S", "is_active": true, "created_date": "2023-06-06T17:21:57.875"}}, {"model": "store.variation", "pk": 43, "fields": {"product": 9, "variation_category": "size", "variation_value": "M", "is_active": true, "created_date": "2023-06-06T17:22:03.522"}}, {"model": "store.variation", "pk": 44, "fields": {"product": 9, "variation_category": "size", "variation_value": "L", "is_active": true, "created_date": "2023-06-06T17:22:09.486"}}, {"model": "store.variation", "pk": 45, "fields": {"product": 10, "variation_category": "color", "variation_value": "블랙", "is_active": true, "created_date": "2023-06-06T17:25:00.674"}}, {"model": "store.variation", "pk": 46, "fields": {"product": 10, "variation_category": "size", "variation_value": "28", "is_active": true, "created_date": "2023-06-06T17:25:11.204"}}, {"model": "store.variation", "pk": 47, "fields": {"product": 10, "variation_category": "size", "variation_value": "29", "is_active": true, "created_date": "2023-06-06T17:25:17.304"}}, {"model": "store.variation", "pk": 48, "fields": {"product": 10, "variation_category": "size", "variation_value": "30", "is_active": true, "created_date": "2023-06-06T17:25:21.985"}}, {"model": "store.variation", "pk": 49, "fields": {"product": 10, "variation_category": "size", "variation_value": "31", "is_active": true, "created_date": "2023-06-06T17:25:26.143"}}, {"model": "store.variation", "pk": 50, "fields": {"product": 10, "variation_category": "size", "variation_value": "32", "is_active": true, "created_date": "2023-06-06T17:25:29.601"}}, {"model": "store.variation", "pk": 51, "fields": {"product": 10, "variation_category": "size", "variation_value": "33", "is_active": true, "created_date": "2023-06-06T17:25:33.850"}}, {"model": "store.variation", "pk": 52, "fields": {"product": 10, "variation_category": "size", "variation_value": "34", "is_active": true, "created_date": "2023-06-06T17:25:37.457"}}, {"model": "store.variation", "pk": 53, "fields": {"product": 10, "variation_category": "size", "variation_value": "35", "is_active": true, "created_date": "2023-06-06T17:25:42.225"}}, {"model": "store.variation", "pk": 54, "fields": {"product": 10, "variation_category": "size", "variation_value": "36", "is_active": true, "created_date": "2023-06-06T17:25:47.291"}}, {"model": "store.variation", "pk": 55, "fields": {"product": 11, "variation_category": "color", "variation_value": "블루", "is_active": true, "created_date": "2023-06-06T17:29:42.973"}}, {"model": "store.variation", "pk": 56, "fields": {"product": 11, "variation_category": "color", "variation_value": "올리브", "is_active": true, "created_date": "2023-06-06T17:29:50.785"}}, {"model": "store.variation", "pk": 57, "fields": {"product": 11, "variation_category": "color", "variation_value": "오렌지", "is_active": true, "created_date": "2023-06-06T17:29:58.974"}}, {"model": "store.variation", "pk": 58, "fields": {"product": 11, "variation_category": "size", "variation_value": "XS", "is_active": true, "created_date": "2023-06-06T17:30:18.041"}}, {"model": "store.variation", "pk": 59, "fields": {"product": 11, "variation_category": "size", "variation_value": "S", "is_active": true, "created_date": "2023-06-06T17:30:22.074"}}, {"model": "store.variation", "pk": 60, "fields": {"product": 11, "variation_category": "size", "variation_value": "M", "is_active": true, "created_date": "2023-06-06T17:30:26.077"}}, {"model": "store.variation", "pk": 61, "fields": {"product": 11, "variation_category": "size", "variation_value": "L", "is_active": true, "created_date": "2023-06-06T17:30:31.097"}}, {"model": "store.variation", "pk": 62, "fields": {"product": 11, "variation_category": "size", "variation_value": "XL", "is_active": true, "created_date": "2023-06-06T17:30:37.120"}}, {"model": "store.variation", "pk": 63, "fields": {"product": 12, "variation_category": "color", "variation_value": "화이트", "is_active": true, "created_date": "2023-06-06T17:32:55.157"}}, {"model": "store.variation", "pk": 64, "fields": {"product": 12, "variation_category": "color", "variation_value": "블랙", "is_active": true, "created_date": "2023-06-06T17:33:01.824"}}, {"model": "store.variation", "pk": 65, "fields": {"product": 12, "variation_category": "color", "variation_value": "베이지", "is_active": true, "created_date": "2023-06-06T17:33:11.395"}}, {"model": "store.variation", "pk": 66, "fields": {"product": 12, "variation_category": "size", "variation_value": "95", "is_active": true, "created_date": "2023-06-06T17:33:22.225"}}, {"model": "store.variation", "pk": 67, "fields": {"product": 12, "variation_category": "size", "variation_value": "100", "is_active": true, "created_date": "2023-06-06T17:33:29.119"}}, {"model": "store.variation", "pk": 68, "fields": {"product": 12, "variation_category": "size", "variation_value": "105", "is_active": true, "created_date": "2023-06-06T17:33:36.757"}}, {"model": "store.variation", "pk": 69, "fields": {"product": 13, "variation_category": "color", "variation_value": "블랙", "is_active": true, "created_date": "2023-06-06T17:35:49.877"}}, {"model": "store.variation", "pk": 70, "fields": {"product": 13, "variation_category": "color", "variation_value": "화이트", "is_active": true, "created_date": "2023-06-06T17:35:55.822"}}, {"model": "store.variation", "pk": 71, "fields": {"product": 13, "variation_category": "size", "variation_value": "Free", "is_active": true, "created_date": "2023-06-06T17:36:04.889"}}, {"model": "store.variation", "pk": 72, "fields": {"product": 14, "variation_category": "color", "variation_value": "화이트", "is_active": true, "created_date": "2023-06-06T17:37:50.517"}}, {"model": "store.variation", "pk": 73, "fields": {"product": 14, "variation_category": "color", "variation_value": "레드", "is_active": true, "created_date": "2023-06-06T17:37:56.347"}}, {"model": "store.variation", "pk": 74, "fields": {"product": 14, "variation_category": "size", "variation_value": "S", "is_active": true, "created_date": "2023-06-06T17:38:05.439"}}, {"model": "store.variation", "pk": 75, "fields": {"product": 14, "variation_category": "size", "variation_value": "M", "is_active": true, "created_date": "2023-06-06T17:38:10.323"}}, {"model": "store.variation", "pk": 76, "fields": {"product": 14, "variation_category": "size", "variation_value": "L", "is_active": true, "created_date": "2023-06-06T17:38:15.214"}}, {"model": "store.variation", "pk": 77, "fields": {"product": 14, "variation_category": "size", "variation_value": "XL", "is_active": true, "created_date": "2023-06-06T17:38:19.924"}}, {"model": "store.variation", "pk": 78, "fields": {"product": 15, "variation_category": "color", "variation_value": "민트", "is_active": true, "created_date": "2023-06-06T17:39:54.880"}}, {"model": "store.variation", "pk": 79, "fields": {"product": 15, "variation_category": "color", "variation_value": "옐로우", "is_active": true, "created_date": "2023-06-06T17:40:17.644"}}, {"model": "store.variation", "pk": 80, "fields": {"product": 15, "variation_category": "size", "variation_value": "S", "is_active": true, "created_date": "2023-06-06T17:40:27.102"}}, {"model": "store.variation", "pk": 81, "fields": {"product": 15, "variation_category": "size", "variation_value": "M", "is_active": true, "created_date": "2023-06-06T17:40:31.122"}}, {"model": "store.variation", "pk": 82, "fields": {"product": 15, "variation_category": "size", "variation_value": "L", "is_active": true, "created_date": "2023-06-06T17:40:37.701"}}, {"model": "store.variation", "pk": 83, "fields": {"product": 16, "variation_category": "color", "variation_value": "화이트", "is_active": true, "created_date": "2023-06-06T17:46:03.798"}}, {"model": "store.variation", "pk": 84, "fields": {"product": 16, "variation_category": "color", "variation_value": "그린", "is_active": true, "created_date": "2023-06-06T17:46:12.224"}}, {"model": "store.variation", "pk": 85, "fields": {"product": 16, "variation_category": "size", "variation_value": "Free", "is_active": true, "created_date": "2023-06-06T17:46:23.487"}}, {"model": "store.reviewrating", "pk": 3, "fields": {"product": 7, "user": 16, "subject": "와 실물 진짜 이쁩니다.", "review": "많이 파세요", "rating": 5.0, "ip": "", "status": true, "created_at": "2023-06-08T17:40:33.834", "updated_at": "2023-06-08T17:40:33.834"}}, {"model": "store.reviewrating", "pk": 4, "fields": {"product": 7, "user": 18, "subject": "배송 빨라요", "review": "굳", "rating": 4.5, "ip": "", "status": true, "created_at": "2023-06-08T17:45:54.263", "updated_at": "2023-06-08T17:45:54.263"}}, {"model": "store.reviewrating", "pk": 5, "fields": {"product": 7, "user": 20, "subject": "착용감 생각보다 좋습니다.", "review": "선물용으로도 좋아요", "rating": 5.0, "ip": "", "status": true, "created_at": "2023-06-08T17:46:56.248", "updated_at": "2023-06-08T17:46:56.248"}}, {"model": "store.reviewrating", "pk": 6, "fields": {"product": 7, "user": 22, "subject": "어제 받았는데 실물 진짜 최고입니다.", "review": "asdasdsadasd", "rating": 5.0, "ip": "", "status": true, "created_at": "2023-06-08T17:47:40.651", "updated_at": "2023-06-08T17:47:40.651"}}, {"model": "store.reviewrating", "pk": 7, "fields": {"product": 2, "user": 1, "subject": "운 좋게 구했네요", "review": "감사합니다. 재입고 빨리 해주세요", "rating": 5.0, "ip": "", "status": true, "created_at": "2023-06-08T17:48:55.184", "updated_at": "2023-06-08T17:48:55.184"}}, {"model": "store.reviewrating", "pk": 8, "fields": {"product": 8, "user": 1, "subject": "다 좋은데 배송이 너무 느려요", "review": "한 2주 걸린거 같네요 \r\n그 이외에는 괜찮습니다.", "rating": 3.0, "ip": "", "status": true, "created_at": "2023-06-08T17:49:30.017", "updated_at": "2023-06-08T17:49:30.017"}}, {"model": "store.reviewrating", "pk": 9, "fields": {"product": 8, "user": 20, "subject": "배송이 좀 느려요", "review": "미리 공지 했으면 좋았을거 같아요", "rating": 3.0, "ip": "", "status": true, "created_at": "2023-06-08T17:50:28.067", "updated_at": "2023-06-08T17:50:28.067"}}, {"model": "store.reviewrating", "pk": 11, "fields": {"product": 8, "user": 18, "subject": "가격 저렴해서 좋습니다.", "review": "굳굳", "rating": 4.0, "ip": "", "status": true, "created_at": "2023-06-08T17:53:30.532", "updated_at": "2023-06-08T17:53:30.532"}}, {"model": "store.reviewrating", "pk": 12, "fields": {"product": 8, "user": 22, "subject": "ㄹ", "review": "ㄹ", "rating": 4.0, "ip": "", "status": true, "created_at": "2023-06-08T17:53:56.481", "updated_at": "2023-06-08T17:53:56.481"}}, {"model": "store.reviewrating", "pk": 13, "fields": {"product": 9, "user": 16, "subject": "사이즈가 좀 작아요", "review": "사이즈가 좀 더 자세했으면 좋았을거 같아요", "rating": 4.0, "ip": "", "status": true, "created_at": "2023-06-08T17:54:52.903", "updated_at": "2023-06-08T17:54:52.903"}}, {"model": "store.reviewrating", "pk": 14, "fields": {"product": 9, "user": 22, "subject": "사이즈 좀 작은 편입니다.", "review": "참고하세요\r\n색은 정말 이쁩니다!", "rating": 4.0, "ip": "", "status": true, "created_at": "2023-06-08T17:55:20.994", "updated_at": "2023-06-08T17:55:20.994"}}, {"model": "store.productgallery", "pk": 7, "fields": {"product": 7, "image": "store/products/8d5290d9-7e92-4741-9261-9086a4139ec2_o2vJffC.webp"}}, {"model": "store.productgallery", "pk": 8, "fields": {"product": 7, "image": "store/products/9d937379-2b4b-45bd-a6be-fd4aef6b77a7_FwmqDpM.webp"}}, {"model": "store.productgallery", "pk": 9, "fields": {"product": 7, "image": "store/products/478926ab-d0d9-4d8e-a12c-121c4a163200_TCynZ9N.webp"}}, {"model": "store.productgallery", "pk": 10, "fields": {"product": 7, "image": "store/products/c480cf88-ba06-45a3-9574-97ff2d78ef69.webp"}}, {"model": "store.productgallery", "pk": 11, "fields": {"product": 7, "image": "store/products/132be235-f9f5-4e45-91fe-d93d5590ffe4.webp"}}, {"model": "store.productgallery", "pk": 12, "fields": {"product": 7, "image": "store/products/5172dcc6-7e58-49aa-a018-834a7d33447a.webp"}}, {"model": "store.productgallery", "pk": 13, "fields": {"product": 7, "image": "store/products/ee344bd7-5a64-423c-9c85-3a6dce10a68f.webp"}}, {"model": "store.productgallery", "pk": 14, "fields": {"product": 7, "image": "store/products/인빈서블-3-남성-로드-러닝화-mUkQDlaH.jpg"}}, {"model": "store.productgallery", "pk": 15, "fields": {"product": 8, "image": "store/products/1c1e5f55-99c2-4522-b398-2352e01ba566.webp"}}, {"model": "store.productgallery", "pk": 16, "fields": {"product": 8, "image": "store/products/3cc96f43-47b6-43cb-951d-d8f73bb2f912.webp"}}, {"model": "store.productgallery", "pk": 17, "fields": {"product": 8, "image": "store/products/82aa97ed-98bf-4b6f-9d0b-31a9f907077b.webp"}}, {"model": "store.productgallery", "pk": 18, "fields": {"product": 8, "image": "store/products/120a31b0-efa7-41c7-9a84-87b1e56ab9c3.webp"}}, {"model": "store.productgallery", "pk": 19, "fields": {"product": 8, "image": "store/products/33533fe2-1157-4001-896e-1803b30659c8.webp"}}, {"model": "store.productgallery", "pk": 20, "fields": {"product": 8, "image": "store/products/00375837-849f-4f17-ba24-d201d27be49b.webp"}}, {"model": "store.productgallery", "pk": 21, "fields": {"product": 9, "image": "store/products/6fbdeddb-e2f9-45ca-b6e7-c35d11da39b5.webp"}}, {"model": "store.productgallery", "pk": 22, "fields": {"product": 9, "image": "store/products/72f4da18-2903-4551-b2f7-9bbfdee15000.webp"}}, {"model": "store.productgallery", "pk": 23, "fields": {"product": 9, "image": "store/products/152af906-00ef-4cdd-9510-98a5a0bec8eb.webp"}}, {"model": "store.productgallery", "pk": 24, "fields": {"product": 9, "image": "store/products/288666ff-1ab8-4159-b2fd-223de7954fb9.webp"}}, {"model": "store.productgallery", "pk": 25, "fields": {"product": 9, "image": "store/products/d8d880e7-442c-4f17-b85b-6196489adcdf.webp"}}, {"model": "store.productgallery", "pk": 26, "fields": {"product": 9, "image": "store/products/7f02e49f-dfa5-4e5f-ba88-8987440ff9ac.webp"}}, {"model": "store.productgallery", "pk": 27, "fields": {"product": 9, "image": "store/products/8e70098d-7c0b-4802-8892-3eec10ab59a4.webp"}}, {"model": "store.productgallery", "pk": 28, "fields": {"product": 9, "image": "store/products/53c7ea16-ee9c-4d38-9f5c-9e28e3a8b6eb.webp"}}, {"model": "store.productgallery", "pk": 29, "fields": {"product": 9, "image": "store/products/ca25f62f-45f2-49b3-aace-d494779888a5.webp"}}, {"model": "store.productgallery", "pk": 30, "fields": {"product": 9, "image": "store/products/d3cba1e2-122b-44e3-a3ca-cb30366b137b.webp"}}, {"model": "store.productgallery", "pk": 31, "fields": {"product": 9, "image": "store/products/de14bc82-4a00-45f0-96eb-8600d858d575.webp"}}, {"model": "store.productgallery", "pk": 32, "fields": {"product": 9, "image": "store/products/5f1d3f60-a768-4aa0-b14b-679a4be95ac8.webp"}}, {"model": "store.productgallery", "pk": 33, "fields": {"product": 9, "image": "store/products/7f820168-3cbb-42d9-bc9b-2fb4e2e3d377.webp"}}, {"model": "store.productgallery", "pk": 34, "fields": {"product": 9, "image": "store/products/528cb9ce-35a4-49cf-b7db-08471d30c5f4.webp"}}, {"model": "store.productgallery", "pk": 35, "fields": {"product": 9, "image": "store/products/deec38b5-35a0-4867-a33f-e44be31e60a3.webp"}}, {"model": "store.productgallery", "pk": 36, "fields": {"product": 9, "image": "store/products/e2a7282b-78e5-419d-a503-232149bc62c6.webp"}}, {"model": "store.productgallery", "pk": 37, "fields": {"product": 9, "image": "store/products/스포츠웨어-스포츠-에센셜-남성-우븐-라인드-플로우-쇼츠-wuxClMG9.jpg"}}, {"model": "store.productgallery", "pk": 38, "fields": {"product": 10, "image": "store/products/e83c2243-d8b3-4fd8-be56-88b50d923f5d.webp"}}, {"model": "store.productgallery", "pk": 39, "fields": {"product": 10, "image": "store/products/baa23b12-a329-4947-9251-bac23f15e25a.webp"}}, {"model": "store.productgallery", "pk": 40, "fields": {"product": 10, "image": "store/products/9168fe98-85fd-417b-9ea3-13d7d56fc72d.webp"}}, {"model": "store.productgallery", "pk": 41, "fields": {"product": 10, "image": "store/products/896a7361-16fe-4f68-8857-55ba04e7f67e.webp"}}, {"model": "store.productgallery", "pk": 42, "fields": {"product": 10, "image": "store/products/1d678ea7-7592-4c1c-920c-eda9e5918de7.webp"}}, {"model": "store.productgallery", "pk": 43, "fields": {"product": 11, "image": "store/products/a63ac4c3-6a5d-417e-9843-46f0e9d932f3.webp"}}, {"model": "store.productgallery", "pk": 44, "fields": {"product": 11, "image": "store/products/e750b4dd-ab7d-4ab7-80bd-dfac88889f07.webp"}}, {"model": "store.productgallery", "pk": 45, "fields": {"product": 11, "image": "store/products/sb-경량-스케이트보딩-재킷-L3bWYbvy_1.jpg"}}, {"model": "store.productgallery", "pk": 46, "fields": {"product": 11, "image": "store/products/sb-경량-스케이트보딩-재킷-L3bWYbvy_2.jpg"}}, {"model": "store.productgallery", "pk": 47, "fields": {"product": 11, "image": "store/products/sb-경량-스케이트보딩-재킷-L3bWYbvy.jpg"}}, {"model": "store.productgallery", "pk": 48, "fields": {"product": 11, "image": "store/products/700594e3-4093-4f36-a5c4-c7ca267e2f82.webp"}}, {"model": "store.productgallery", "pk": 49, "fields": {"product": 11, "image": "store/products/ba0b1057-ce01-404d-84d3-acb403b0f9ee.webp"}}, {"model": "store.productgallery", "pk": 50, "fields": {"product": 11, "image": "store/products/cde12c6a-48bc-4786-af92-f4f9fef4fc2c.webp"}}, {"model": "store.productgallery", "pk": 51, "fields": {"product": 11, "image": "store/products/e796d727-ff82-4fdc-8eaf-420307bf2dca.webp"}}, {"model": "store.productgallery", "pk": 52, "fields": {"product": 11, "image": "store/products/ec6b5896-f7a1-4c05-ae6c-45e5cb95893d.webp"}}, {"model": "store.productgallery", "pk": 53, "fields": {"product": 11, "image": "store/products/03dfe163-9a40-4b8e-a8cf-844931d214e8.webp"}}, {"model": "store.productgallery", "pk": 54, "fields": {"product": 11, "image": "store/products/9d5d84c2-6555-4467-9bf9-de7ae23b3641.webp"}}, {"model": "store.productgallery", "pk": 55, "fields": {"product": 11, "image": "store/products/60ea6891-2f2d-451c-9a8b-22e92937ce52.webp"}}, {"model": "store.productgallery", "pk": 56, "fields": {"product": 11, "image": "store/products/496721fc-8219-49b9-a0c4-65227d310206.webp"}}, {"model": "store.productgallery", "pk": 57, "fields": {"product": 11, "image": "store/products/04740545-4167-4eb1-b141-0a66e0021b97.webp"}}, {"model": "store.productgallery", "pk": 58, "fields": {"product": 11, "image": "store/products/cc517196-6312-4c65-8c58-859a6f55be71.webp"}}, {"model": "store.productgallery", "pk": 59, "fields": {"product": 11, "image": "store/products/ea18b4d0-1367-4a5b-a3a9-5590fb6fdcb0.webp"}}, {"model": "store.productgallery", "pk": 60, "fields": {"product": 12, "image": "store/products/3e783d29-ba93-4208-a0db-8691f413d52a.webp"}}, {"model": "store.productgallery", "pk": 61, "fields": {"product": 12, "image": "store/products/38a96b3e-f41d-4267-956b-02ca104d2cad.webp"}}, {"model": "store.productgallery", "pk": 62, "fields": {"product": 12, "image": "store/products/894f18f9-18c5-4f59-b765-0ce33791423b.webp"}}, {"model": "store.productgallery", "pk": 63, "fields": {"product": 12, "image": "store/products/c02e9753-49f0-4631-a0b5-46d1db067060.webp"}}, {"model": "store.productgallery", "pk": 64, "fields": {"product": 12, "image": "store/products/e00a52ee-13a5-460e-b5a5-3fda5cf576fe.webp"}}, {"model": "store.productgallery", "pk": 65, "fields": {"product": 12, "image": "store/products/1ee10d56-8631-40db-a0fd-5e3fed78ee31.webp"}}, {"model": "store.productgallery", "pk": 66, "fields": {"product": 12, "image": "store/products/6a2b3c78-75c2-45a5-950e-2403964e4438.webp"}}, {"model": "store.productgallery", "pk": 67, "fields": {"product": 12, "image": "store/products/9668fe89-119f-40c9-b62f-8b3a747caaf3.webp"}}, {"model": "store.productgallery", "pk": 68, "fields": {"product": 12, "image": "store/products/54ad3d95-b6c3-4f67-bc89-7e5f441c254c.webp"}}, {"model": "store.productgallery", "pk": 69, "fields": {"product": 13, "image": "store/products/c00e7d20-4096-49fc-9eb4-585e1d217807.webp"}}, {"model": "store.productgallery", "pk": 70, "fields": {"product": 13, "image": "store/products/e02a7cf9-7004-496e-9498-448f695c1beb.webp"}}, {"model": "store.productgallery", "pk": 71, "fields": {"product": 13, "image": "store/products/4bd09231-9d1a-4943-a9f8-da6e277ecd90.webp"}}, {"model": "store.productgallery", "pk": 72, "fields": {"product": 13, "image": "store/products/906b6483-2ab9-4d80-a0a1-a6a45ad76476.webp"}}, {"model": "store.productgallery", "pk": 73, "fields": {"product": 13, "image": "store/products/8bbcd786-be62-426b-82b3-b80b1139fb72.webp"}}, {"model": "store.productgallery", "pk": 74, "fields": {"product": 13, "image": "store/products/d973642d-1bd3-4bf4-bd3e-e8976b8bdb27.webp"}}, {"model": "store.productgallery", "pk": 75, "fields": {"product": 13, "image": "store/products/f4ef6b30-ac25-4720-9b35-c9f63eb1ea65.webp"}}, {"model": "store.productgallery", "pk": 76, "fields": {"product": 14, "image": "store/products/1c3f637a-0fb4-416b-9afc-fcef10357e09.webp"}}, {"model": "store.productgallery", "pk": 77, "fields": {"product": 14, "image": "store/products/62898e44-9424-4270-a4f2-609a29387a26.webp"}}, {"model": "store.productgallery", "pk": 78, "fields": {"product": 14, "image": "store/products/조던-드라이-핏-스포츠-남성-그래픽-티셔츠-E5USlxK0_1.jpg"}}, {"model": "store.productgallery", "pk": 79, "fields": {"product": 14, "image": "store/products/조던-드라이-핏-스포츠-남성-그래픽-티셔츠-E5USlxK0.jpg"}}, {"model": "store.productgallery", "pk": 80, "fields": {"product": 14, "image": "store/products/0ec7b40e-2ff0-4831-9e84-f45230d9cadd.webp"}}, {"model": "store.productgallery", "pk": 81, "fields": {"product": 14, "image": "store/products/005bd73c-3fbd-4f2c-95ba-f184f8b87a3e.webp"}}, {"model": "store.productgallery", "pk": 82, "fields": {"product": 14, "image": "store/products/54ecfcde-a409-40d8-b4be-327ab1ce021d.webp"}}, {"model": "store.productgallery", "pk": 83, "fields": {"product": 14, "image": "store/products/f0b1f584-9567-4d2a-b3e6-5e2c940b39ce.webp"}}, {"model": "store.productgallery", "pk": 84, "fields": {"product": 14, "image": "store/products/조던-드라이-핏-스포츠-남성-그래픽-티셔츠-E5USlxK0_2.jpg"}}, {"model": "store.productgallery", "pk": 85, "fields": {"product": 14, "image": "store/products/조던-드라이-핏-스포츠-남성-그래픽-티셔츠-E5USlxK0_3.jpg"}}, {"model": "store.productgallery", "pk": 86, "fields": {"product": 15, "image": "store/products/2a8a7d84-e987-414a-8af6-60cf950f8022.webp"}}, {"model": "store.productgallery", "pk": 87, "fields": {"product": 15, "image": "store/products/a5048b3b-60c9-4057-bd6d-6626c6f02fd8.webp"}}, {"model": "store.productgallery", "pk": 88, "fields": {"product": 15, "image": "store/products/조던-플라이트-에센셜-남성-오버사이즈-티셔츠-qI1fQU11.jpg"}}, {"model": "store.productgallery", "pk": 89, "fields": {"product": 15, "image": "store/products/066b0043-f689-4755-b8fa-32d6a1f44b13.webp"}}, {"model": "store.productgallery", "pk": 90, "fields": {"product": 15, "image": "store/products/88896f10-3054-4eca-a5e7-e2c7800ffa8f.webp"}}, {"model": "store.productgallery", "pk": 91, "fields": {"product": 16, "image": "store/products/2a8a48cd-cd06-4c47-a2a6-f82db06737c0.webp"}}, {"model": "store.productgallery", "pk": 92, "fields": {"product": 16, "image": "store/products/044f0db3-648d-4233-ace6-8239a638fb20.webp"}}, {"model": "store.productgallery", "pk": 93, "fields": {"product": 16, "image": "store/products/96039535-4f5b-44a5-955a-62c25be3027d.webp"}}, {"model": "store.productgallery", "pk": 94, "fields": {"product": 16, "image": "store/products/라이프-남성-우븐-밀리터리-반팔-버튼다운-셔츠-gIW4UCmT_1.jpg"}}, {"model": "store.productgallery", "pk": 95, "fields": {"product": 16, "image": "store/products/0b0a2e81-b399-45ca-8470-73aa3f841c7a.webp"}}, {"model": "store.productgallery", "pk": 96, "fields": {"product": 16, "image": "store/products/4e08a06f-878d-4560-a38c-818bd70432ed.webp"}}, {"model": "store.productgallery", "pk": 97, "fields": {"product": 16, "image": "store/products/871c4d9d-4f00-4d33-bb49-b6583ec79e06.webp"}}, {"model": "store.productgallery", "pk": 98, "fields": {"product": 16, "image": "store/products/a5db19b7-dd9a-4e7d-8249-77223324c09f.webp"}}, {"model": "store.productgallery", "pk": 99, "fields": {"product": 16, "image": "store/products/라이프-남성-우븐-밀리터리-반팔-버튼다운-셔츠-gIW4UCmT.jpg"}}, {"model": "carts.cart", "pk": 31, "fields": {"cart_id": "2tw2a8f0oi9lml49emnwiv4ocw8jkezc", "date_added": "2023-06-09"}}, {"model": "carts.cart", "pk": 32, "fields": {"cart_id": "rkitx7zexcva8e1fr2g0q36jp6ldckzo", "date_added": "2023-06-09"}}, {"model": "carts.cart", "pk": 33, "fields": {"cart_id": "ww3ecavvguchm301qomgaoekanlwfl9a", "date_added": "2023-06-09"}}, {"model": "carts.cart", "pk": 34, "fields": {"cart_id": "y8go8582sv34i67pyx69ewjqxq3u9l36", "date_added": "2023-06-09"}}, {"model": "carts.cart", "pk": 35, "fields": {"cart_id": "qmzgob6m4aw8rr71gst5sp35y9mwxp0d", "date_added": "2023-06-09"}}, {"model": "carts.cart", "pk": 36, "fields": {"cart_id": "66pnvlk3lsg43wkd1ya0caswkc86257i", "date_added": "2023-06-09"}}, {"model": "carts.cart", "pk": 37, "fields": {"cart_id": "wo208cl1pd87dfhh36khzdkouwr8i7fl", "date_added": "2023-06-09"}}, {"model": "carts.cart", "pk": 38, "fields": {"cart_id": "777exjs4vcb69lqk484rbdzkb6o5z9wc", "date_added": "2023-06-09"}}, {"model": "carts.cartitem", "pk": 101, "fields": {"user": null, "product": 7, "cart": 31, "quantity": 1, "is_active": true, "variations": [26, 28]}}, {"model": "carts.cartitem", "pk": 102, "fields": {"user": null, "product": 13, "cart": 31, "quantity": 1, "is_active": true, "variations": [70, 71]}}, {"model": "carts.cartitem", "pk": 103, "fields": {"user": null, "product": 9, "cart": 32, "quantity": 1, "is_active": true, "variations": [39, 44]}}, {"model": "carts.cartitem", "pk": 104, "fields": {"user": null, "product": 8, "cart": 33, "quantity": 1, "is_active": true, "variations": [33, 35]}}, {"model": "carts.cartitem", "pk": 105, "fields": {"user": null, "product": 7, "cart": 34, "quantity": 1, "is_active": true, "variations": [26, 28]}}, {"model": "carts.cartitem", "pk": 106, "fields": {"user": null, "product": 8, "cart": 35, "quantity": 1, "is_active": true, "variations": [33, 35]}}, {"model": "carts.cartitem", "pk": 107, "fields": {"user": 1, "product": 7, "cart": 36, "quantity": 1, "is_active": true, "variations": [26, 28]}}, {"model": "carts.cartitem", "pk": 108, "fields": {"user": 1, "product": 8, "cart": null, "quantity": 1, "is_active": true, "variations": [33, 34]}}, {"model": "carts.cartitem", "pk": 109, "fields": {"user": 1, "product": 9, "cart": 37, "quantity": 1, "is_active": true, "variations": [39, 43]}}, {"model": "carts.cartitem", "pk": 110, "fields": {"user": null, "product": 8, "cart": 38, "quantity": 1, "is_active": true, "variations": [33, 36]}}, {"model": "orders.payment", "pk": 16, "fields": {"user": 1, "payment_id": "4R773980LK251301F", "payment_method": "PayPal", "amount_paid": "283800", "status": "COMPLETED", "created_at": "2023-06-06T18:59:05.346"}}, {"model": "orders.payment", "pk": 17, "fields": {"user": 1, "payment_id": "T47f998562ea0bae0606", "payment_method": "KaKao Pay", "amount_paid": "229900", "status": "COMPLETED", "created_at": "2023-06-06T20:40:04.882"}}, {"model": "orders.payment", "pk": 18, "fields": {"user": 1, "payment_id": "T47f9a3b62ea0bae060a", "payment_method": "KaKao Pay", "amount_paid": "229900", "status": "COMPLETED", "created_at": "2023-06-06T20:42:54.742"}}]